call_id,caller,callee,timestamp,duration_seconds,status
CALL00001,+918395527356,+916355203201,2025-12-01 00:04:34,714,connected
CALL00002,+917594550888,+917613415003,2025-12-01 00:04:56,274,connected
CALL00003,+916419585997,+916186192860,2025-12-01 00:04:30,3147,connected
CALL00004,+917612900137,+916426697545,2025-12-01 00:16:00,206,connected
CALL00005,+918378397847,+918191376109,2025-12-01 00:05:20,3195,busy
CALL00006,+919305730144,+916813236058,2025-12-01 00:04:18,2905,connected
CALL00007,+919376168893,+919357799441,2025-12-01 00:27:11,1890,connected
CALL00008,+919917771074,+916131554287,2025-12-01 00:11:28,2241,connected
CALL00009,+916523882394,+917045618211,2025-12-01 00:06:54,480,missed
CALL00010,+918373931434,+917580376784,2025-12-01 00:12:20,2406,connected
CALL00011,+917192993238,+917901786778,2025-12-01 00:22:00,3373,missed
CALL00012,+918265185735,+917918384031,2025-12-01 00:52:36,1639,connected
CALL00013,+919251371987,+919214164417,2025-12-01 00:54:10,2687,busy
CALL00014,+916122208704,+919255204727,2025-12-01 00:46:26,3508,connected
CALL00015,+917050855355,+917478604144,2025-12-01 00:36:30,2233,connected
CALL00016,+917340280142,+916691158141,2025-12-01 00:46:08,1361,connected
CALL00017,+916324287346,+918395544933,2025-12-01 00:29:45,2735,missed
CALL00018,+918343450028,+917179119698,2025-12-01 00:31:30,6,connected
CALL00019,+919135257999,+918679676351,2025-12-01 00:34:12,2062,busy
CALL00020,+919546066455,+917474668018,2025-12-01 01:37:40,1014,connected
CALL00021,+916105237224,+918169982569,2025-12-01 01:23:18,2820,connected
CALL00022,+916888960489,+916879455072,2025-12-01 00:50:58,592,connected
CALL00023,+919671080972,+918460182167,2025-12-01 00:41:01,1063,connected
CALL00024,+916405802188,+918500589935,2025-12-01 01:40:48,805,busy
CALL00025,+916740160715,+919680565659,2025-12-01 01:03:20,3000,connected
CALL00026,+918928030309,+919898517975,2025-12-01 00:42:54,2995,connected
CALL00027,+919184206941,+917560642088,2025-12-01 00:48:09,1621,busy
CALL00028,+916984456118,+918597734689,2025-12-01 02:01:20,3249,connected
CALL00029,+918190305734,+916658124873,2025-12-01 01:13:57,2743,connected
CALL00030,+919434082468,+919027218428,2025-12-01 01:13:00,45,busy
CALL00031,+917516150848,+919117995514,2025-12-01 02:31:54,1468,connected
CALL00032,+918042360010,+917399983812,2025-12-01 01:26:56,278,voicemail
CALL00033,+916641396105,+917320982235,2025-12-01 02:38:57,1863,connected
CALL00034,+918663823307,+918652984659,2025-12-01 02:17:42,1361,connected
CALL00035,+919345592088,+918699510904,2025-12-01 01:31:35,3528,busy
CALL00036,+916668583516,+917105587432,2025-12-01 00:52:48,1373,connected
CALL00037,+916634113263,+918127701095,2025-12-01 01:15:51,2867,connected
CALL00038,+916312924514,+916437018651,2025-12-01 01:17:54,1080,connected
CALL00039,+919406314456,+918638148284,2025-12-01 00:39:00,3501,missed
CALL00040,+919992527234,+918509437018,2025-12-01 01:01:20,3320,connected
CALL00041,+918558507795,+917444769960,2025-12-01 02:04:22,928,connected
CALL00042,+918608579863,+917155557527,2025-12-01 01:29:36,2625,connected
CALL00043,+917713822109,+918391383539,2025-12-01 02:59:53,2933,missed
CALL00044,+918412725989,+917142115666,2025-12-01 02:20:48,816,busy
CALL00045,+917971151369,+918684888692,2025-12-01 00:42:45,1469,connected
CALL00046,+918282574403,+919184691476,2025-12-01 03:25:28,2270,connected
CALL00047,+919797818179,+919020090649,2025-12-01 01:02:40,3399,connected
CALL00048,+917679518570,+917717114862,2025-12-01 02:47:12,1715,connected
CALL00049,+916381202982,+919765126084,2025-12-01 02:24:33,366,missed
CALL00050,+919919864587,+919948663481,2025-12-01 04:08:20,1755,connected
CALL00051,+917588964980,+919846976084,2025-12-01 01:04:36,1042,connected
CALL00052,+919080274672,+917574473135,2025-12-01 04:15:40,117,missed
CALL00053,+916557659894,+918340152015,2025-12-01 03:54:05,1263,connected
CALL00054,+917106429250,+917114493100,2025-12-01 01:23:42,2766,connected
CALL00055,+919091970547,+918681343734,2025-12-01 02:56:00,1222,connected
CALL00056,+916195956703,+916049837195,2025-12-01 00:30:48,2949,connected
CALL00057,+918819533987,+917869379589,2025-12-01 00:46:33,704,busy
CALL00058,+917601118221,+919838669902,2025-12-01 03:12:22,2466,connected
CALL00059,+916576641258,+919633004148,2025-12-01 01:37:21,632,connected
CALL00060,+917007579943,+917138170201,2025-12-01 00:44:00,2704,connected
CALL00061,+918046264623,+918017591997,2025-12-01 02:06:04,829,connected
CALL00062,+919394764696,+916467818170,2025-12-01 04:10:04,2981,busy
CALL00063,+916632969767,+916511403432,2025-12-01 03:00:36,3375,connected
CALL00064,+916246611410,+917799131411,2025-12-01 01:44:32,1541,connected
CALL00065,+919024882016,+916935761837,2025-12-01 02:27:20,189,connected
CALL00066,+919511082695,+916527673236,2025-12-01 03:33:24,3575,connected
CALL00067,+917679699782,+916026068965,2025-12-01 01:02:32,1230,connected
CALL00068,+916877210081,+917510186276,2025-12-01 01:59:00,1101,connected
CALL00069,+919416086752,+918711906374,2025-12-01 00:42:33,521,voicemail
CALL00070,+919957952700,+916598008666,2025-12-01 00:39:40,575,connected
CALL00071,+918082569925,+919268675645,2025-12-01 02:05:26,397,connected
CALL00072,+916874346453,+919230890825,2025-12-01 02:09:36,2761,connected
CALL00073,+919331200289,+917378340200,2025-12-01 02:43:02,2607,connected
CALL00074,+917348021775,+918479238632,2025-12-01 04:58:28,2037,connected
CALL00075,+917408886795,+919753308037,2025-12-01 02:41:15,2540,connected
CALL00076,+918314490323,+916923009934,2025-12-01 03:55:36,1290,voicemail
CALL00077,+918744238478,+916672848547,2025-12-01 05:45:13,1511,connected
CALL00078,+918721320954,+916758914477,2025-12-01 02:07:24,490,connected
CALL00079,+919228238865,+916205177289,2025-12-01 04:25:58,1243,busy
CALL00080,+916593000810,+918425042253,2025-12-01 02:58:40,1954,connected
CALL00081,+918003450212,+918620044517,2025-12-01 02:00:09,1628,missed
CALL00082,+917380391279,+917935922931,2025-12-01 02:09:50,3359,connected
CALL00083,+916742568147,+919923230854,2025-12-01 02:01:44,2576,connected
CALL00084,+917454225634,+916445223746,2025-12-01 00:54:36,2643,connected
CALL00085,+916341565069,+919600946876,2025-12-01 04:27:45,2819,missed
CALL00086,+919280153290,+918849179358,2025-12-01 04:15:08,1303,connected
CALL00087,+916019613701,+917947531978,2025-12-01 07:06:18,296,missed
CALL00088,+916906095316,+918567611382,2025-12-01 01:14:48,1391,connected
CALL00089,+918285677523,+919065777569,2025-12-01 07:17:35,1453,busy
CALL00090,+918706458362,+918798253242,2025-12-01 05:00:00,2257,connected
CALL00091,+918656554803,+919176926475,2025-12-01 02:18:01,507,busy
CALL00092,+919044752558,+916798523239,2025-12-01 01:25:52,3037,connected
CALL00093,+919727733288,+919428997016,2025-12-01 02:05:33,594,missed
CALL00094,+916920235693,+917367733295,2025-12-01 03:12:42,3072,connected
CALL00095,+919565833294,+916778281706,2025-12-01 06:08:55,1990,connected
CALL00096,+919282163780,+919248120872,2025-12-01 03:21:36,687,connected
CALL00097,+919792268551,+918740683582,2025-12-01 01:37:00,1793,connected
CALL00098,+919063926093,+916554314643,2025-12-01 05:08:42,591,connected
CALL00099,+917802947020,+919224542004,2025-12-01 07:46:57,2434,connected
CALL00100,+918153552250,+916540568160,2025-12-01 05:13:20,1211,connected
CALL00101,+917596666370,+917150741675,2025-12-01 01:39:19,2780,connected
CALL00102,+918466443837,+916390906298,2025-12-01 06:00:24,3421,connected
CALL00103,+917885741060,+917890188407,2025-12-01 05:02:08,2304,connected
CALL00104,+919800362329,+916687289400,2025-12-01 07:25:28,3266,busy
CALL00105,+918877745197,+916856857609,2025-12-01 03:16:00,1154,connected
CALL00106,+917161807214,+919903676810,2025-12-01 04:44:26,166,missed
CALL00107,+916907191969,+917288849384,2025-12-01 07:11:34,573,connected
CALL00108,+916426180348,+917153489024,2025-12-01 05:31:12,3509,connected
CALL00109,+917386915259,+917519655586,2025-12-01 07:48:42,453,missed
CALL00110,+919530368829,+918126957889,2025-12-01 08:59:00,2180,connected
CALL00111,+917572430399,+917822866090,2025-12-01 02:18:45,518,connected
CALL00112,+917431901990,+918229157617,2025-12-01 02:44:16,2772,connected
CALL00113,+917765246568,+918402025237,2025-12-01 06:43:02,763,connected
CALL00114,+917951080362,+916964527968,2025-12-01 06:35:12,2778,busy
CALL00115,+918214184996,+917697530635,2025-12-01 02:31:25,1706,connected
CALL00116,+918940242490,+916201764501,2025-12-01 07:24:40,2890,connected
CALL00117,+919342732715,+919623796912,2025-12-01 07:12:54,2674,busy
CALL00118,+918604639639,+918890209852,2025-12-01 08:21:30,2026,busy
CALL00119,+916899980282,+919724272859,2025-12-01 01:43:08,2249,connected
CALL00120,+918242110736,+916034927853,2025-12-01 01:52:00,1892,missed
CALL00121,+918822300548,+918468564117,2025-12-01 01:40:50,454,busy
CALL00122,+919672589550,+916988736416,2025-12-01 02:12:10,2197,connected
CALL00123,+919879490085,+919839362623,2025-12-01 09:13:30,1947,connected
CALL00124,+917506882250,+919962744470,2025-12-01 09:15:56,2949,connected
CALL00125,+917732697248,+917072386478,2025-12-01 03:24:10,1654,connected
CALL00126,+916824127983,+917767958084,2025-12-01 09:10:12,378,connected
CALL00127,+918289203642,+916825260034,2025-12-01 07:47:47,2380,connected
CALL00128,+917137052814,+918479088243,2025-12-01 10:33:36,974,missed
CALL00129,+918173051704,+917037070834,2025-12-01 08:03:45,1087,connected
CALL00130,+917813029698,+918026075441,2025-12-01 01:48:20,1660,connected
CALL00131,+916173469742,+919004442967,2025-12-01 09:29:51,678,connected
CALL00132,+917800378914,+916006290669,2025-12-01 04:30:36,3385,connected
CALL00133,+918340823233,+916497357146,2025-12-01 02:15:13,1319,connected
CALL00134,+916756506896,+919905598006,2025-12-01 06:55:24,2857,connected
CALL00135,+916863652776,+918311041748,2025-12-01 06:56:15,1374,connected
CALL00136,+919726526836,+917226043571,2025-12-01 06:27:36,2149,voicemail
CALL00137,+916451692598,+918410573103,2025-12-01 06:46:26,1547,connected
CALL00138,+918705468268,+917472973336,2025-12-01 07:00:54,540,busy
CALL00139,+916773781810,+917866600209,2025-12-01 07:13:13,991,connected
CALL00140,+918932239435,+918920924594,2025-12-01 07:53:40,1904,connected
CALL00141,+919799113736,+917522735501,2025-12-01 02:35:06,1949,missed
CALL00142,+916718099540,+919281995396,2025-12-01 03:49:34,1469,missed
CALL00143,+919908455038,+916270380187,2025-12-01 05:50:21,2655,connected
CALL00144,+916894072617,+918408361021,2025-12-01 02:38:24,3460,missed
CALL00145,+918197560732,+916516333102,2025-12-01 02:12:55,473,connected
CALL00146,+916041381908,+916519397816,2025-12-01 01:15:26,2279,connected
CALL00147,+918509281850,+916903654432,2025-12-01 09:08:48,1816,connected
CALL00148,+917853677730,+916922352149,2025-12-01 02:15:40,1979,connected
CALL00149,+918093145918,+919462141830,2025-12-01 08:39:01,1390,connected
CALL00150,+917551927628,+917582313857,2025-12-01 01:20:00,884,connected
CALL00151,+918776744216,+916448328661,2025-12-01 08:28:22,535,busy
CALL00152,+918597175959,+919164436096,2025-12-01 08:03:52,1507,connected
CALL00153,+919984705028,+918567153910,2025-12-01 07:16:03,1529,connected
CALL00154,+919672433135,+916643873290,2025-12-01 09:58:02,1109,connected
CALL00155,+918216480919,+916237046716,2025-12-01 03:29:15,713,connected
CALL00156,+917913054135,+917723388584,2025-12-01 08:50:24,547,connected
CALL00157,+917841943047,+916721238299,2025-12-01 10:12:18,75,missed
CALL00158,+918535051826,+916152822640,2025-12-01 11:51:00,2267,connected
CALL00159,+918653965835,+916272875743,2025-12-01 04:32:57,511,connected
CALL00160,+917287847398,+919299420233,2025-12-01 07:12:00,1541,connected
CALL00161,+919611845937,+916308281157,2025-12-01 04:12:14,2276,connected
CALL00162,+917504179335,+918061734449,2025-12-01 03:14:24,2662,busy
CALL00163,+919222846486,+919957285474,2025-12-01 11:24:36,1997,missed
CALL00164,+919362875260,+919691720073,2025-12-01 03:08:36,15,connected
CALL00165,+918001318909,+918483685468,2025-12-01 04:04:45,3132,missed
CALL00166,+919581813346,+916154229435,2025-12-01 09:57:36,1731,missed
CALL00167,+917278894122,+919719869095,2025-12-01 01:23:30,3296,voicemail
CALL00168,+918072615075,+918294294056,2025-12-01 01:29:36,1960,busy
CALL00169,+917967551626,+916367514132,2025-12-01 04:38:51,45,connected
CALL00170,+918080532967,+919177196912,2025-12-01 11:08:40,1998,connected
CALL00171,+916612447740,+918052378771,2025-12-01 04:10:48,351,connected
CALL00172,+916197803844,+917087472420,2025-12-01 06:29:52,1779,connected
CALL00173,+917794323069,+918740349542,2025-12-01 01:29:23,1593,connected
CALL00174,+916240915021,+917262190866,2025-12-01 13:58:06,2542,connected
CALL00175,+919381072634,+916393974548,2025-12-01 11:07:55,3575,connected
CALL00176,+919586532502,+918263780781,2025-12-01 04:09:20,891,connected
CALL00177,+917841719122,+916922311825,2025-12-01 11:39:09,2475,connected
CALL00178,+919796088262,+918850848769,2025-12-01 08:48:04,2525,missed
CALL00179,+917295281819,+916046411916,2025-12-01 02:17:14,3183,connected
CALL00180,+916585303332,+916693212616,2025-12-01 13:39:00,1894,connected
CALL00181,+916627050238,+917085213879,2025-12-01 06:02:00,2573,connected
CALL00182,+918816554351,+918754844162,2025-12-01 09:02:58,1890,connected
CALL00183,+917258183271,+919760592803,2025-12-01 03:36:33,1159,connected
CALL00184,+918364137178,+919889445375,2025-12-01 07:24:40,3590,connected
CALL00185,+916966502324,+919333513244,2025-12-01 10:22:50,159,connected
CALL00186,+919069675330,+918695045598,2025-12-01 12:20:54,1624,connected
CALL00187,+917372909465,+916639537025,2025-12-01 07:00:45,2838,connected
CALL00188,+917233124834,+917044792858,2025-12-01 03:26:48,3512,voicemail
CALL00189,+916696093117,+916069103732,2025-12-01 01:34:30,872,missed
CALL00190,+917404592686,+919737142446,2025-12-01 06:13:40,1623,missed
CALL00191,+916189052531,+916040067383,2025-12-01 04:30:35,2950,connected
CALL00192,+919079534713,+918435665284,2025-12-01 14:11:12,166,connected
CALL00193,+917113990863,+918213774707,2025-12-01 04:55:56,776,connected
CALL00194,+919783917767,+916829837111,2025-12-01 06:18:18,1910,connected
CALL00195,+916544688017,+918209263414,2025-12-01 05:05:30,2174,connected
CALL00196,+917823554933,+916691309280,2025-12-01 08:13:16,1960,connected
CALL00197,+916837338948,+919290589508,2025-12-01 04:52:13,3311,connected
CALL00198,+919517453703,+918092611274,2025-12-01 07:38:42,2722,connected
CALL00199,+917182106346,+916274477620,2025-12-01 11:00:01,3502,connected
CALL00200,+916123437691,+917264588392,2025-12-01 11:13:20,368,connected
CALL00201,+917633969735,+918328784447,2025-12-01 10:46:33,534,busy
CALL00202,+917910463677,+916379255637,2025-12-01 12:07:12,658,connected
CALL00203,+917413705321,+917424469317,2025-12-01 10:15:46,3181,connected
CALL00204,+919658167862,+917191778669,2025-12-01 06:41:12,766,connected
CALL00205,+917680118700,+918446845908,2025-12-01 08:59:50,3284,connected
CALL00206,+918806572720,+919195233636,2025-12-01 02:37:56,1600,connected
CALL00207,+919496898498,+919009577756,2025-12-01 08:44:24,2026,connected
CALL00208,+917157181419,+916576018936,2025-12-01 10:58:40,572,connected
CALL00209,+916499332602,+918822449373,2025-12-01 03:56:52,3071,connected
CALL00210,+918938485088,+916064337912,2025-12-01 07:35:00,847,busy
CALL00211,+916450179462,+917636758288,2025-12-01 06:37:23,123,connected
CALL00212,+919894393622,+916553987589,2025-12-01 07:53:28,1330,connected
CALL00213,+916170994956,+919624147021,2025-12-01 10:39:00,2663,busy
CALL00214,+919449111728,+919957800692,2025-12-01 02:58:20,1161,connected
CALL00215,+917707856325,+917961474707,2025-12-01 11:56:40,940,connected
CALL00216,+919737970073,+918444917431,2025-12-01 10:12:00,1721,connected
CALL00217,+918979904705,+918508257736,2025-12-01 06:48:41,56,connected
CALL00218,+916184441976,+919556473687,2025-12-01 13:12:04,2180,missed
CALL00219,+916739690561,+916276786080,2025-12-01 07:50:51,26,connected
CALL00220,+917075327433,+917374805367,2025-12-01 17:10:20,3153,missed
CALL00221,+918506405699,+919906073462,2025-12-01 15:20:50,1336,busy
CALL00222,+918463051879,+917251140359,2025-12-01 16:16:48,2313,connected
CALL00223,+919495806076,+916847843106,2025-12-01 06:52:33,1143,missed
CALL00224,+919301773111,+916717113233,2025-12-01 10:34:40,2148,missed
CALL00225,+917531761459,+919837391677,2025-12-01 04:26:15,233,missed
CALL00226,+918591337232,+918219118480,2025-12-01 04:34:58,1168,missed
CALL00227,+919342078427,+919404668047,2025-12-01 10:24:15,2437,missed
CALL00228,+916825761787,+919366756214,2025-12-01 10:11:48,2841,connected
CALL00229,+918143254189,+919226638565,2025-12-01 10:48:50,1491,connected
CALL00230,+919815310334,+917913790260,2025-12-01 08:03:00,3312,connected
CALL00231,+917472862518,+918345658649,2025-12-01 08:20:30,2879,busy
CALL00232,+919129829228,+917874073158,2025-12-01 11:36:00,2525,connected
CALL00233,+919549632225,+919202738769,2025-12-01 13:39:23,942,connected
CALL00234,+918350707644,+918151487594,2025-12-01 13:39:00,1283,missed
CALL00235,+916316005148,+919278404175,2025-12-01 03:55:00,1806,connected
CALL00236,+919799579581,+916406936877,2025-12-01 08:51:00,647,busy
CALL00237,+917457815686,+917738605972,2025-12-01 06:58:42,3128,connected
CALL00238,+916018868080,+916024454564,2025-12-01 18:34:38,2807,voicemail
CALL00239,+917240764720,+918330514633,2025-12-01 19:35:05,1143,connected
CALL00240,+918629581247,+919572546458,2025-12-01 15:40:00,2190,missed
CALL00241,+918014311778,+919322358382,2025-12-01 13:47:26,2195,voicemail
CALL00242,+917025580039,+916958697195,2025-12-01 07:35:46,3140,connected
CALL00243,+917936027650,+918477446222,2025-12-01 09:02:42,1982,connected
CALL00244,+919337358986,+917386758453,2025-12-01 15:02:48,41,connected
CALL00245,+918080427613,+918765535898,2025-12-01 02:14:45,467,connected
CALL00246,+917740457103,+916657958773,2025-12-01 10:47:48,3204,connected
CALL00247,+916955576924,+918221777513,2025-12-01 13:30:59,81,connected
CALL00248,+919604004208,+917286624352,2025-12-01 13:17:44,1319,busy
CALL00249,+918921344111,+916853047572,2025-12-01 13:33:24,2221,connected
CALL00250,+917904741242,+916203215442,2025-12-01 11:27:30,988,busy
CALL00251,+918601108111,+919077343940,2025-12-01 03:58:27,1142,connected
CALL00252,+918608709991,+916141538574,2025-12-01 04:41:24,1086,connected
CALL00253,+918780213500,+917637000456,2025-12-01 17:55:15,1398,connected
CALL00254,+917297828572,+918536203353,2025-12-01 04:47:52,2495,voicemail
CALL00255,+918267187201,+919494423243,2025-12-01 19:24:30,2526,connected
CALL00256,+916117992685,+918219524276,2025-12-01 05:41:20,1443,connected
CALL00257,+918115421414,+917690465840,2025-12-01 18:12:15,2129,connected
CALL00258,+918907004207,+918805572620,2025-12-01 03:04:54,86,connected
CALL00259,+917671006587,+917205959882,2025-12-01 05:15:07,1676,connected
CALL00260,+916326641279,+917971565440,2025-12-01 16:15:00,1022,connected
CALL00261,+916134604535,+916370573587,2025-12-01 05:13:12,94,connected
CALL00262,+916522185307,+916509084454,2025-12-01 10:37:32,2517,connected
CALL00263,+917200389314,+917203019934,2025-12-01 10:04:54,2834,connected
CALL00264,+917937024403,+919763335761,2025-12-01 03:09:12,2494,connected
CALL00265,+917345840590,+917617142762,2025-12-01 06:28:40,3470,busy
CALL00266,+916793750939,+918606605279,2025-12-01 18:15:02,2336,busy
CALL00267,+916415553948,+917442311425,2025-12-01 16:41:15,1017,missed
CALL00268,+918535229691,+916873245273,2025-12-01 16:22:40,2263,connected
CALL00269,+917843481606,+918650897330,2025-12-01 06:47:59,2875,missed
CALL00270,+917166199513,+917174477521,2025-12-01 13:07:30,3515,connected
CALL00271,+917854577527,+919350554214,2025-12-01 19:20:47,299,connected
CALL00272,+917438734356,+916890254668,2025-12-01 08:23:12,2344,busy
CALL00273,+918405956234,+917610546682,2025-12-01 15:23:39,343,connected
CALL00274,+916043571259,+919489162731,2025-12-01 21:23:14,344,connected
CALL00275,+918224491568,+919221759625,2025-12-01 22:41:15,2515,connected
CALL00276,+916137911531,+917355175291,2025-12-01 03:31:36,1814,connected
CALL00277,+917549008900,+919835707212,2025-12-01 20:28:02,2585,connected
CALL00278,+919063745060,+917389023630,2025-12-01 18:13:28,1670,connected
CALL00279,+919936165767,+919644961095,2025-12-01 06:49:12,2290,connected
CALL00280,+917086223395,+916769092952,2025-12-01 20:55:20,1631,connected
CALL00281,+916902741916,+916003359369,2025-12-01 17:15:01,1239,connected
CALL00282,+917059866219,+918383813986,2025-12-01 11:07:24,862,connected
CALL00283,+919107375402,+916042398429,2025-12-01 23:11:25,1798,connected
CALL00284,+919232840567,+917701731188,2025-12-01 20:11:44,1670,connected
CALL00285,+918345969584,+917090976774,2025-12-01 14:48:15,3080,connected
CALL00286,+919530488355,+916186589152,2025-12-01 11:35:56,1775,busy
CALL00287,+917844183323,+918487877048,2025-12-01 19:08:00,3046,connected
CALL00288,+917184354396,+919104870128,2025-12-01 04:43:12,393,missed
CALL00289,+919066098069,+916441357451,2025-12-01 19:44:54,2519,missed
CALL00290,+917107624298,+919731380316,2025-12-01 20:47:00,571,connected
CALL00291,+918357445109,+918866408210,2025-12-02 00:15:00,1253,connected
CALL00292,+918024320275,+917190671326,2025-12-01 05:50:24,1472,connected
CALL00293,+916641480165,+917457428812,2025-12-01 09:02:03,2236,connected
CALL00294,+917937565860,+918541240318,2025-12-01 15:11:24,3568,connected
CALL00295,+919555785582,+916470148650,2025-12-01 02:32:25,1786,connected
CALL00296,+917806186525,+916429157158,2025-12-01 23:35:52,1690,missed
CALL00297,+916867078898,+916800881633,2025-12-01 02:28:30,3236,missed
CALL00298,+919230844558,+919670324828,2025-12-01 12:10:06,2431,connected
CALL00299,+918345274170,+917376112318,2025-12-01 14:32:05,1090,connected
CALL00300,+919703587043,+918605416583,2025-12-01 23:05:00,2477,connected
CALL00301,+917811399979,+916589078108,2025-12-01 21:49:21,1234,voicemail
CALL00302,+918876679752,+918700237879,2025-12-01 02:56:10,2044,connected
CALL00303,+918628084692,+917149994976,2025-12-01 12:37:30,593,busy
CALL00304,+919624910431,+918320968783,2025-12-01 07:20:48,1643,missed
CALL00305,+916683232884,+918974813910,2025-12-01 10:30:20,1879,connected
CALL00306,+919484769704,+917475508686,2025-12-01 11:03:00,2342,connected
CALL00307,+916771504811,+916983786082,2025-12-01 08:11:12,185,connected
CALL00308,+917252924486,+918089338881,2025-12-01 22:50:36,278,connected
CALL00309,+918332501847,+918126801967,2025-12-01 09:57:24,1626,connected
CALL00310,+917313178416,+916310857424,2025-12-01 13:51:50,947,connected
CALL00311,+916340073730,+919304797339,2025-12-01 11:39:45,2270,connected
CALL00312,+916342531954,+919879693018,2025-12-01 15:04:48,1852,connected
CALL00313,+919721525883,+916029659928,2025-12-01 18:10:17,1821,missed
CALL00314,+916718902587,+918248513480,2025-12-01 20:03:40,920,voicemail
CALL00315,+918480354945,+916125868104,2025-12-02 01:48:45,1724,connected
CALL00316,+919506073185,+917069318655,2025-12-02 00:24:08,2279,connected
CALL00317,+919861837197,+919307607453,2025-12-01 10:07:35,311,busy
CALL00318,+916331447688,+917765671410,2025-12-01 21:43:48,1700,busy
CALL00319,+916037640326,+916806822084,2025-12-01 19:56:15,2785,missed
CALL00320,+918088683817,+917998514598,2025-12-01 19:44:00,2145,connected
CALL00321,+918193383582,+917307080895,2025-12-01 14:05:18,1494,voicemail
CALL00322,+918773776258,+917245541994,2025-12-01 15:12:20,187,voicemail
CALL00323,+918046967174,+919170515967,2025-12-01 12:39:03,742,connected
CALL00324,+919934294974,+917005124532,2025-12-02 01:06:36,3561,connected
CALL00325,+917309531174,+919021103079,2025-12-01 21:23:45,146,connected
CALL00326,+918646888783,+916827610396,2025-12-01 03:42:46,1280,connected
CALL00327,+917341873588,+916576048765,2025-12-01 08:26:51,1832,connected
CALL00328,+918029945172,+919189241443,2025-12-01 05:06:08,2849,connected
CALL00329,+918478468367,+917904869237,2025-12-01 18:05:42,1718,connected
CALL00330,+919988321205,+919701150306,2025-12-02 01:01:30,1765,connected
CALL00331,+919301551344,+918134063536,2025-12-01 12:35:47,601,connected
CALL00332,+917927555274,+919492106015,2025-12-01 04:09:00,1550,connected
CALL00333,+919690981764,+917881712111,2025-12-01 22:45:18,2916,connected
CALL00334,+918446678525,+916030606806,2025-12-01 23:22:48,1918,missed
CALL00335,+918870007624,+919304108136,2025-12-01 05:46:10,1368,missed
CALL00336,+917001206185,+916208495318,2025-12-01 23:48:00,1149,connected
CALL00337,+918439696137,+917821616987,2025-12-01 10:00:59,1266,connected
CALL00338,+917676122131,+918707263223,2025-12-01 03:17:10,1268,connected
CALL00339,+917061483596,+919926099968,2025-12-02 02:33:18,792,connected
CALL00340,+918747983495,+916874494925,2025-12-01 05:17:20,3380,connected
CALL00341,+918095046578,+919556455499,2025-12-01 20:38:58,1953,missed
CALL00342,+917039710687,+919526347144,2025-12-01 22:48:00,1149,connected
CALL00343,+917172850524,+919143981338,2025-12-01 15:48:58,1631,connected
CALL00344,+916792458531,+919160542001,2025-12-01 17:12:00,333,connected
CALL00345,+917298084788,+917621074993,2025-12-01 06:48:15,1182,connected
CALL00346,+918066698362,+919902543964,2025-12-01 04:13:44,2696,voicemail
CALL00347,+917416259037,+918578560803,2025-12-02 03:16:41,1813,busy
CALL00348,+917797736389,+917730924609,2025-12-01 06:05:24,2026,connected
CALL00349,+917839509712,+916133978467,2025-12-01 14:38:19,1024,connected
CALL00350,+917140598074,+916476184650,2025-12-01 20:25:00,631,connected
CALL00351,+917001602675,+917947862909,2025-12-02 03:58:57,2218,busy
CALL00352,+916329986553,+918495720195,2025-12-01 22:58:40,1535,connected
CALL00353,+916069886016,+919451468889,2025-12-01 15:17:48,2697,busy
CALL00354,+916844162420,+918239615388,2025-12-01 10:01:48,1134,connected
CALL00355,+919850187081,+918280675074,2025-12-01 12:25:30,2256,connected
CALL00356,+917545457622,+917031534866,2025-12-01 04:27:00,900,connected
CALL00357,+918791357165,+918037952408,2025-12-01 18:32:39,1568,busy
CALL00358,+917772608845,+919529541074,2025-12-01 03:46:44,2785,connected
CALL00359,+917584559703,+918310874896,2025-12-01 13:33:44,2698,connected
CALL00360,+917194650967,+917562659299,2025-12-02 01:00:00,1753,connected
CALL00361,+918767734750,+917465391116,2025-12-01 16:50:48,3447,connected
CALL00362,+918472591879,+918322777809,2025-12-01 11:03:40,770,connected
CALL00363,+919155712783,+918344829386,2025-12-01 11:41:48,2493,busy
CALL00364,+919065899530,+918503192934,2025-12-02 06:20:00,2725,busy
CALL00365,+917936885042,+918962558715,2025-12-01 15:24:40,2806,connected
CALL00366,+917082834837,+919037381936,2025-12-02 00:24:00,3132,connected
CALL00367,+919391510612,+919334918979,2025-12-01 07:50:59,1730,busy
CALL00368,+917897370807,+916588961007,2025-12-01 06:57:04,577,connected
CALL00369,+917363990216,+916643493477,2025-12-02 06:38:51,2341,connected
CALL00370,+918106126612,+916537005548,2025-12-01 20:08:40,1340,connected
CALL00371,+916923984412,+917598657953,2025-12-01 12:59:06,3567,connected
CALL00372,+918431269044,+919886048469,2025-12-02 03:35:24,1547,connected
CALL00373,+918404563194,+916760816912,2025-12-01 04:21:06,2882,connected
CALL00374,+916352061706,+918890115338,2025-12-01 22:38:52,3586,connected
CALL00375,+918433750960,+919268440895,2025-12-01 10:56:15,2422,connected
CALL00376,+916291837386,+916210747457,2025-12-01 12:57:04,79,connected
CALL00377,+916329815546,+918744464208,2025-12-01 20:50:23,278,missed
CALL00378,+916846980230,+917030439601,2025-12-01 16:54:18,950,connected
CALL00379,+918420733492,+919132815057,2025-12-01 10:25:21,2092,connected
CALL00380,+918796229546,+916355695120,2025-12-02 04:49:00,2747,connected
CALL00381,+919439706693,+916588874006,2025-12-01 07:37:12,1355,busy
CALL00382,+916852866742,+919414234799,2025-12-02 06:20:52,284,connected
CALL00383,+916816978247,+916812810391,2025-12-01 10:51:06,1824,connected
CALL00384,+918585274907,+917869614912,2025-12-01 18:40:00,1781,missed
CALL00385,+917406169231,+919205035439,2025-12-01 20:19:10,3272,connected
CALL00386,+918705737517,+916478247836,2025-12-01 19:30:52,1727,connected
CALL00387,+917220538697,+918845882172,2025-12-02 04:16:21,873,connected
CALL00388,+917728369441,+917793095276,2025-12-02 02:37:16,1994,connected
CALL00389,+919171723248,+916644988329,2025-12-01 16:38:26,1878,connected
CALL00390,+919398552659,+919476669915,2025-12-01 10:04:30,3429,connected
CALL00391,+917868446332,+916923149505,2025-12-02 02:43:06,197,connected
CALL00392,+919111647504,+918144130915,2025-12-02 00:49:36,2972,connected
CALL00393,+918000975397,+917586877911,2025-12-01 06:46:06,352,missed
CALL00394,+917580685597,+917975295062,2025-12-01 13:53:58,1078,connected
CALL00395,+917216872685,+918245320293,2025-12-01 23:42:00,926,connected
CALL00396,+918250691919,+917598613141,2025-12-01 22:52:48,1702,connected
CALL00397,+918112603402,+916705902657,2025-12-01 12:21:04,988,connected
CALL00398,+918591281463,+918367387163,2025-12-02 06:04:16,856,connected
CALL00399,+918139823071,+916370783658,2025-12-02 00:29:39,760,connected
CALL00400,+916687694595,+917049443169,2025-12-01 22:40:00,1070,connected
CALL00401,+917492790935,+916519087458,2025-12-01 23:30:11,1869,connected
CALL00402,+916239390975,+917720997746,2025-12-02 02:14:30,2697,connected
CALL00403,+918601417744,+916411694090,2025-12-02 03:45:44,162,missed
CALL00404,+917972517030,+916999136888,2025-12-01 08:04:48,1159,missed
CALL00405,+917181402746,+917141149855,2025-12-01 06:24:45,687,voicemail
CALL00406,+916535115250,+916544969199,2025-12-01 05:51:52,3002,connected
CALL00407,+917971288758,+916033526080,2025-12-01 05:05:15,3554,connected
CALL00408,+916619860209,+919424133038,2025-12-01 16:26:00,2825,connected
CALL00409,+919806847816,+919478188400,2025-12-01 04:53:07,1351,busy
CALL00410,+919536523676,+918142373518,2025-12-01 21:04:10,1438,connected
CALL00411,+917784358234,+916457864590,2025-12-01 07:45:48,1252,connected
CALL00412,+917673861952,+917278915786,2025-12-01 05:15:52,1355,missed
CALL00413,+919606036368,+919063643472,2025-12-02 01:07:27,2070,missed
CALL00414,+917730476405,+917388276751,2025-12-01 20:14:24,1053,missed
CALL00415,+919757718104,+918225856017,2025-12-02 02:44:40,2322,connected
CALL00416,+917231901648,+919283757334,2025-12-02 01:46:08,3058,connected
CALL00417,+918127893083,+918755999977,2025-12-01 17:29:27,813,connected
CALL00418,+916021927734,+916991785294,2025-12-01 16:15:20,1385,missed
CALL00419,+918889206577,+919505336431,2025-12-02 02:25:13,2523,voicemail
CALL00420,+916833048861,+916834055348,2025-12-02 03:18:00,229,connected
CALL00421,+917194794664,+916908845151,2025-12-01 23:44:23,3451,connected
CALL00422,+919453839729,+918437475716,2025-12-01 03:31:00,1412,connected
CALL00423,+918504897571,+917589522056,2025-12-01 07:38:15,22,connected
CALL00424,+916617634011,+917635010114,2025-12-02 07:26:48,1466,connected
CALL00425,+918107268471,+916369465565,2025-12-01 11:41:15,1887,connected
CALL00426,+918591974483,+917018163040,2025-12-02 05:42:06,1198,missed
CALL00427,+916820848726,+916687962050,2025-12-01 04:16:12,2696,connected
CALL00428,+916620853603,+918838602441,2025-12-01 16:31:32,2182,voicemail
CALL00429,+916243772085,+917338331641,2025-12-02 07:20:27,317,voicemail
CALL00430,+919911638364,+918138843780,2025-12-02 11:50:00,2564,connected
CALL00431,+919781574289,+919426573058,2025-12-01 12:55:48,3358,connected
CALL00432,+919209044113,+919837260708,2025-12-02 10:48:00,1605,connected
CALL00433,+918645719283,+918772552516,2025-12-01 08:17:57,1683,missed
CALL00434,+918265437298,+918297644509,2025-12-02 03:58:08,568,busy
CALL00435,+918747617708,+919997368203,2025-12-01 09:40:00,486,missed
CALL00436,+919339885456,+919200882694,2025-12-01 08:06:52,1966,connected
CALL00437,+916409749136,+919522788758,2025-12-01 17:21:31,2780,connected
CALL00438,+917595191852,+919347199913,2025-12-01 06:05:00,772,connected
CALL00439,+919072625931,+916490153138,2025-12-01 14:59:57,2019,missed
CALL00440,+919519879750,+918748037111,2025-12-01 05:52:00,934,connected
CALL00441,+918514647852,+917474484106,2025-12-01 04:31:57,2898,connected
CALL00442,+917277146248,+918877499682,2025-12-01 10:48:16,2512,connected
CALL00443,+918870409156,+919647037605,2025-12-02 12:32:51,1808,connected
CALL00444,+916905149255,+916914341163,2025-12-02 01:39:12,1919,connected
CALL00445,+919717888615,+917645117426,2025-12-02 07:31:15,2765,connected
CALL00446,+919305268489,+918773691062,2025-12-02 11:40:48,1041,missed
CALL00447,+918386931164,+918480336494,2025-12-01 23:05:42,1303,missed
CALL00448,+919520670274,+916878671564,2025-12-02 08:21:20,1414,connected
CALL00449,+919754835260,+917697922510,2025-12-02 01:26:36,364,connected
CALL00450,+916232001675,+918057295567,2025-12-02 04:45:00,2632,connected
CALL00451,+919591758246,+918128511062,2025-12-01 17:02:16,894,connected
CALL00452,+918939791050,+916059698606,2025-12-02 09:31:24,1679,connected
CALL00453,+917926671632,+916183832568,2025-12-02 13:07:15,2614,busy
CALL00454,+917620168253,+916640426881,2025-12-01 18:55:00,1851,connected
CALL00455,+916084191247,+918969141379,2025-12-02 05:19:20,2670,missed
CALL00456,+919789742394,+919800221289,2025-12-02 01:42:48,2331,connected
CALL00457,+916349241513,+919630001941,2025-12-02 11:17:26,2494,connected
CALL00458,+916266059669,+918483968877,2025-12-01 05:51:08,2911,connected
CALL00459,+917967484984,+916319852137,2025-12-02 00:36:27,557,busy
CALL00460,+916989681694,+918158396336,2025-12-01 13:32:40,540,voicemail
CALL00461,+916265296626,+916002499990,2025-12-01 23:41:25,1642,connected
CALL00462,+919846999592,+918729637101,2025-12-01 10:16:00,1569,missed
CALL00463,+918608703726,+917090102863,2025-12-02 03:15:56,1956,missed
CALL00464,+918205534782,+919362285457,2025-12-02 03:42:40,562,connected
CALL00465,+919445387532,+919779605460,2025-12-02 01:11:15,980,missed
CALL00466,+917372536778,+917015840624,2025-12-02 02:55:28,865,voicemail
CALL00467,+917939452077,+918169635491,2025-12-02 05:34:36,3050,missed
CALL00468,+919465075177,+919968497724,2025-12-01 14:25:48,1615,connected
CALL00469,+919405174319,+918850907184,2025-12-01 05:28:18,526,connected
CALL00470,+916018986705,+917010436336,2025-12-02 02:14:30,233,connected
CALL00471,+916675184352,+919219725808,2025-12-01 11:46:30,2679,busy
CALL00472,+918060434325,+916729008639,2025-12-01 07:59:52,2392,voicemail
CALL00473,+918889279907,+916356134193,2025-12-01 14:19:17,2538,connected
CALL00474,+916980273734,+917014417315,2025-12-01 18:33:54,3332,connected
CALL00475,+916112588792,+919770398349,2025-12-01 09:37:55,2095,connected
CALL00476,+917817711696,+919626937800,2025-12-01 13:37:08,2821,connected
CALL00477,+917665744781,+916240902362,2025-12-02 12:02:24,3495,connected
CALL00478,+918726684423,+919812248847,2025-12-02 14:30:20,2389,connected
CALL00479,+918191358410,+917867385212,2025-12-02 14:27:11,2489,voicemail
CALL00480,+917418182860,+918691283116,2025-12-02 02:00:00,2216,connected
CALL00481,+919288053688,+917181447174,2025-12-01 13:05:38,3268,connected
CALL00482,+919453670175,+917975221002,2025-12-02 00:46:10,1180,connected
CALL00483,+917935324107,+919030642590,2025-12-02 13:09:51,679,busy
CALL00484,+916889734020,+918805871084,2025-12-02 03:33:40,2934,busy
CALL00485,+916384342998,+919518200977,2025-12-02 10:53:35,64,connected
CALL00486,+916518465317,+916550829432,2025-12-02 02:11:24,1036,connected
CALL00487,+917931644448,+919988113024,2025-12-01 08:07:00,1449,connected
CALL00488,+916139352061,+916961706023,2025-12-02 08:23:52,2672,connected
CALL00489,+918658151246,+916529767167,2025-12-01 11:49:03,151,busy
CALL00490,+918454688394,+919159037167,2025-12-01 08:01:50,2113,busy
CALL00491,+918509027641,+917245812317,2025-12-01 10:54:40,614,missed
CALL00492,+916581396431,+917832078562,2025-12-02 06:53:12,1541,busy
CALL00493,+917748226523,+919846266544,2025-12-01 15:03:50,2461,missed
CALL00494,+919280327890,+919366639111,2025-12-01 17:17:24,2072,connected
CALL00495,+919244394939,+917205916825,2025-12-01 20:29:15,1246,connected
CALL00496,+917814287036,+918253759863,2025-12-01 13:30:08,1872,connected
CALL00497,+919866470954,+917242823680,2025-12-01 13:23:29,488,busy
CALL00498,+916378102663,+919540875060,2025-12-01 18:48:48,3420,voicemail
CALL00499,+917202948398,+917022268038,2025-12-02 00:48:41,2287,connected
CALL00500,+918443943001,+918289965105,2025-12-01 19:10:00,2576,connected
CALL00501,+918695096869,+918728237452,2025-12-02 13:34:30,1271,connected
CALL00502,+917428084822,+919302905731,2025-12-02 06:57:24,3420,connected
CALL00503,+916488288313,+916995297661,2025-12-01 11:02:17,2580,missed
CALL00504,+918148100980,+919881548059,2025-12-01 21:50:24,325,connected
CALL00505,+916060421734,+918111629779,2025-12-01 21:19:20,407,connected
CALL00506,+919483010695,+919852491860,2025-12-01 04:46:44,436,connected
CALL00507,+916765789063,+917338861604,2025-12-02 13:19:15,1973,connected
CALL00508,+919244674520,+917820203685,2025-12-02 08:44:16,2894,voicemail
CALL00509,+919078522841,+918854783247,2025-12-02 16:34:43,603,missed
CALL00510,+919514906330,+919021073789,2025-12-01 22:14:30,484,voicemail
CALL00511,+917095582040,+919946962004,2025-12-02 03:23:43,1389,missed
CALL00512,+919959816385,+916654894718,2025-12-02 10:25:04,2103,missed
CALL00513,+918866888710,+918947995148,2025-12-01 11:24:00,2899,connected
CALL00514,+918411036551,+916344666371,2025-12-02 08:24:38,2883,connected
CALL00515,+918680796812,+917387529271,2025-12-01 14:09:45,1361,connected
CALL00516,+917869980715,+918575495185,2025-12-01 16:11:48,2157,connected
CALL00517,+919889223276,+918003438364,2025-12-02 15:20:58,1960,connected
CALL00518,+917412432824,+919943080633,2025-12-02 09:05:40,1319,connected
CALL00519,+919674953825,+917424244898,2025-12-02 15:04:09,662,connected
CALL00520,+917547936363,+916211173313,2025-12-02 19:20:00,389,connected
CALL00521,+918121953868,+916666673247,2025-12-01 09:07:03,538,connected
CALL00522,+917409296422,+918160179585,2025-12-01 15:57:00,3406,missed
CALL00523,+918075241433,+917553651991,2025-12-01 16:24:59,2021,connected
CALL00524,+918965182442,+917555454366,2025-12-02 06:42:44,529,connected
CALL00525,+918113508523,+916426697821,2025-12-01 12:32:30,2906,missed
CALL00526,+917452015209,+917135678201,2025-12-01 15:46:48,355,connected
CALL00527,+919085570450,+916855110738,2025-12-02 01:01:57,1887,busy
CALL00528,+917830223967,+918042724943,2025-12-02 06:39:12,3337,connected
CALL00529,+918143428091,+917910701463,2025-12-01 20:25:31,2229,missed
CALL00530,+917121975262,+917681153197,2025-12-02 09:34:00,2330,connected
CALL00531,+918562276848,+916596124741,2025-12-02 00:11:24,1443,missed
CALL00532,+919121179941,+918199238045,2025-12-01 13:18:00,1049,connected
CALL00533,+919907312662,+917295131139,2025-12-01 14:57:13,2326,busy
CALL00534,+916037943452,+916948794093,2025-12-01 13:47:42,2643,connected
CALL00535,+919966720993,+917123380588,2025-12-02 16:16:25,2086,connected
CALL00536,+916117744460,+919220411580,2025-12-01 17:07:20,1094,connected
CALL00537,+918374137257,+918462190210,2025-12-01 07:36:27,2903,connected
CALL00538,+916173759161,+916906517814,2025-12-01 15:23:34,3387,missed
CALL00539,+916240301763,+919594710715,2025-12-01 18:06:59,3090,missed
CALL00540,+917673814499,+919150128790,2025-12-01 05:33:00,1224,connected
CALL00541,+917509598424,+919414321217,2025-12-02 03:30:03,1708,connected
CALL00542,+919223292338,+919963301879,2025-12-02 18:45:28,1945,connected
CALL00543,+916075570265,+917933700617,2025-12-02 06:28:06,1220,connected
CALL00544,+916681819912,+918259940342,2025-12-02 15:08:16,3181,connected
CALL00545,+919373067870,+917997804385,2025-12-02 18:05:10,3165,connected
CALL00546,+916802147842,+919623807222,2025-12-01 12:08:00,2915,connected
CALL00547,+919958038719,+919853164024,2025-12-01 19:45:10,224,busy
CALL00548,+918783201816,+916184588893,2025-12-02 19:23:00,1574,connected
CALL00549,+919340052695,+918691750352,2025-12-01 23:19:57,1198,connected
CALL00550,+916789929283,+916608323050,2025-12-02 20:55:00,2734,missed
CALL00551,+916635339929,+919928479012,2025-12-02 13:20:44,503,connected
CALL00552,+919327088419,+918418627610,2025-12-01 16:06:00,1292,connected
CALL00553,+919231491123,+916800509998,2025-12-01 09:03:47,2001,missed
CALL00554,+918625418124,+916137925758,2025-12-01 04:55:28,1049,missed
CALL00555,+917952873902,+918443074830,2025-12-02 18:42:15,3240,missed
CALL00556,+918904315809,+919881698343,2025-12-01 20:13:56,733,busy
CALL00557,+918096684454,+916609804665,2025-12-01 14:32:38,3106,connected
CALL00558,+918051104179,+917925310050,2025-12-01 07:17:06,1237,connected
CALL00559,+919485154138,+919316033634,2025-12-02 19:47:18,1243,connected
CALL00560,+918756967610,+918813303485,2025-12-02 12:42:40,3074,connected
CALL00561,+919503638963,+917460759873,2025-12-01 15:53:42,556,connected
CALL00562,+918519010375,+919006127255,2025-12-02 13:18:38,1767,connected
CALL00563,+916889198855,+916233253131,2025-12-02 04:37:09,3267,busy
CALL00564,+918144364926,+917092106932,2025-12-02 09:59:48,2494,missed
CALL00565,+916549148387,+919657875224,2025-12-02 15:04:45,786,connected
CALL00566,+917649401163,+916656015715,2025-12-01 13:12:24,55,connected
CALL00567,+916869441681,+919080937789,2025-12-02 05:55:30,2020,connected
CALL00568,+919268023177,+918191477237,2025-12-02 00:27:20,1076,connected
CALL00569,+917422629587,+917345529978,2025-12-01 22:26:38,14,busy
CALL00570,+919459825247,+917007582746,2025-12-02 03:14:00,1913,connected
CALL00571,+919465048151,+917087949377,2025-12-01 05:33:05,1447,missed
CALL00572,+917184089015,+919260720262,2025-12-02 02:22:32,1171,missed
CALL00573,+919101362143,+918494251016,2025-12-02 02:53:57,1997,connected
CALL00574,+917925866556,+919734353805,2025-12-02 09:00:18,920,connected
CALL00575,+918169473124,+916016972159,2025-12-01 16:17:30,3151,missed
CALL00576,+919254646688,+917862861450,2025-12-01 20:00:00,988,connected
CALL00577,+916889875883,+917942655896,2025-12-02 14:28:00,845,connected
CALL00578,+918472814303,+916737874597,2025-12-01 17:58:56,1096,missed
CALL00579,+917225022164,+919987814778,2025-12-02 18:08:18,1663,connected
CALL00580,+917093211740,+919337231665,2025-12-02 17:53:20,1837,missed
CALL00581,+916744982991,+919262215799,2025-12-02 09:05:05,1911,connected
CALL00582,+917272066255,+919943265726,2025-12-02 05:44:48,1111,connected
CALL00583,+917399704249,+916585923151,2025-12-01 11:29:53,1446,connected
CALL00584,+916214540974,+917680609492,2025-12-02 01:08:40,1259,connected
CALL00585,+918835760845,+919350710311,2025-12-02 09:28:30,2894,missed
CALL00586,+916570120895,+918452207655,2025-12-02 11:38:54,718,busy
CALL00587,+919132822495,+918439560504,2025-12-02 02:54:15,865,busy
CALL00588,+916398595131,+916913921354,2025-12-02 02:37:24,2082,connected
CALL00589,+918222278180,+916159684099,2025-12-02 10:50:57,1624,connected
CALL00590,+917415356441,+916578769429,2025-12-02 10:54:30,1984,voicemail
CALL00591,+919561578287,+918058261238,2025-12-02 08:00:45,1634,busy
CALL00592,+916957387712,+917327925531,2025-12-01 10:11:44,159,connected
CALL00593,+917989588606,+919924907466,2025-12-02 18:20:01,3109,connected
CALL00594,+918060285290,+917163928122,2025-12-02 19:13:48,3180,connected
CALL00595,+918065619719,+917761554329,2025-12-01 17:21:15,298,busy
CALL00596,+919880328069,+916935189641,2025-12-01 10:15:52,2909,connected
CALL00597,+918028080516,+917236437932,2025-12-02 06:30:48,1279,missed
CALL00598,+919004379202,+916292892926,2025-12-02 06:33:52,710,connected
CALL00599,+919119369314,+919081457312,2025-12-01 09:19:04,39,connected
CALL00600,+917618042208,+919966989173,2025-12-01 05:20:00,619,connected
CALL00601,+916491371082,+918469000008,2025-12-01 07:50:47,153,voicemail
CALL00602,+916057941369,+917049139658,2025-12-02 13:37:30,2872,connected
CALL00603,+919343517198,+918858515130,2025-12-02 01:17:33,3126,connected
CALL00604,+916796377327,+919849738683,2025-12-03 02:20:00,3016,missed
CALL00605,+919881319997,+916951196875,2025-12-01 21:40:45,3435,connected
CALL00606,+918882241187,+917777865532,2025-12-03 00:59:06,3484,connected
CALL00607,+916946481192,+919998280709,2025-12-01 09:26:32,1493,connected
CALL00608,+916834713346,+916698653073,2025-12-02 11:58:24,2755,connected
CALL00609,+916172079265,+918802231190,2025-12-02 13:43:27,870,connected
CALL00610,+916441366746,+918263525431,2025-12-02 09:33:00,3242,connected
CALL00611,+916348193206,+917599469004,2025-12-02 21:49:30,2578,connected
CALL00612,+917950006048,+918310756376,2025-12-01 21:45:36,2855,missed
CALL00613,+918633481134,+918782309101,2025-12-01 16:00:22,1872,connected
CALL00614,+916420362355,+919241636726,2025-12-03 00:16:02,2513,connected
CALL00615,+918694782960,+918255047594,2025-12-02 15:27:45,2888,busy
CALL00616,+918939445950,+919701583190,2025-12-01 15:44:32,2488,missed
CALL00617,+916240275653,+917284158318,2025-12-03 02:43:52,2081,connected
CALL00618,+918535971378,+919666324553,2025-12-02 19:36:12,2521,connected
CALL00619,+917883433727,+916537168904,2025-12-01 15:07:52,3303,connected
CALL00620,+916563923918,+916771116048,2025-12-02 22:19:40,2056,busy
CALL00621,+918528617655,+916191524447,2025-12-02 06:21:36,1729,connected
CALL00622,+917159220960,+917300384353,2025-12-02 02:26:06,108,connected
CALL00623,+919152785959,+917857162011,2025-12-02 20:07:45,2473,missed
CALL00624,+917952200192,+918516574884,2025-12-01 06:04:00,878,voicemail
CALL00625,+918979282211,+917857251416,2025-12-01 16:50:25,2666,connected
CALL00626,+918229744290,+919644212893,2025-12-03 01:33:30,2576,connected
CALL00627,+916559970086,+916975056710,2025-12-02 11:42:15,1377,connected
CALL00628,+919434863866,+917629691406,2025-12-03 01:32:32,2899,connected
CALL00629,+918728086141,+919389836122,2025-12-02 02:33:28,3383,connected
CALL00630,+918115659736,+917718849206,2025-12-01 16:06:00,1146,busy
CALL00631,+919423622513,+919562510095,2025-12-02 18:14:31,2146,busy
CALL00632,+917749636237,+918490428635,2025-12-02 07:36:00,1866,connected
CALL00633,+916389958562,+918693980081,2025-12-02 09:56:09,2296,connected
CALL00634,+916105854292,+916357555139,2025-12-02 22:40:10,1914,connected
CALL00635,+918298373952,+919814026540,2025-12-02 16:13:00,639,connected
CALL00636,+916779145639,+916205041193,2025-12-02 01:58:12,2769,connected
CALL00637,+916220368343,+919807498714,2025-12-02 00:25:06,2439,connected
CALL00638,+918586214305,+918452868268,2025-12-01 15:03:50,1394,connected
CALL00639,+919697602853,+917049106926,2025-12-01 15:58:30,1651,connected
CALL00640,+917165105890,+918513184039,2025-12-01 06:24:00,692,connected
CALL00641,+919280021239,+916989897801,2025-12-01 15:50:49,3277,connected
CALL00642,+917248990098,+916290277981,2025-12-01 21:56:06,375,voicemail
CALL00643,+917203154896,+919364046089,2025-12-02 09:34:44,1397,connected
CALL00644,+916323504209,+916619311911,2025-12-02 02:17:48,2900,connected
CALL00645,+918401938137,+917558849962,2025-12-02 22:45:45,3088,connected
CALL00646,+917770733956,+918320409248,2025-12-01 15:36:42,277,connected
CALL00647,+917888311004,+918437855984,2025-12-01 05:23:30,2556,missed
CALL00648,+919398452298,+917353035733,2025-12-01 11:09:36,1674,connected
CALL00649,+916866989711,+917654896531,2025-12-03 01:45:24,1116,connected
CALL00650,+919835700900,+919600861991,2025-12-02 00:44:10,665,connected
CALL00651,+917036305275,+918696504134,2025-12-01 20:36:54,3073,connected
CALL00652,+916402040845,+918002441049,2025-12-03 01:59:12,1091,missed
CALL00653,+916319880703,+917906583902,2025-12-01 14:30:40,2908,connected
CALL00654,+918921900471,+918480055467,2025-12-01 17:04:36,1991,connected
CALL00655,+919109014889,+916959852868,2025-12-03 05:07:40,2473,voicemail
CALL00656,+917838743563,+917701484150,2025-12-01 22:13:52,1369,connected
CALL00657,+919378281262,+918187138326,2025-12-01 11:29:51,3089,connected
CALL00658,+919772088193,+917899284844,2025-12-01 07:29:38,1271,connected
CALL00659,+918805966887,+916054125213,2025-12-01 22:52:55,2335,busy
CALL00660,+919118309045,+917351956348,2025-12-02 12:18:00,3540,connected
CALL00661,+916695220388,+917765492503,2025-12-01 14:30:19,199,connected
CALL00662,+919556922392,+918461097921,2025-12-02 01:44:40,626,connected
CALL00663,+919489010933,+918630143665,2025-12-01 10:18:48,920,connected
CALL00664,+917956474406,+916787874676,2025-12-02 17:52:08,1603,connected
CALL00665,+917437266070,+918658810397,2025-12-03 04:27:40,3378,connected
CALL00666,+919148441967,+918042588087,2025-12-02 20:24:00,3433,connected
CALL00667,+919878605644,+916796851489,2025-12-03 02:57:05,2003,connected
CALL00668,+919398849704,+918800259410,2025-12-01 11:41:24,392,connected
CALL00669,+919487440617,+919189211518,2025-12-02 16:41:51,1544,connected
CALL00670,+917247153243,+919064595755,2025-12-02 06:31:20,2342,connected
CALL00671,+918079825643,+918773487819,2025-12-02 14:01:24,2078,connected
CALL00672,+919849156907,+919270032008,2025-12-02 11:39:12,227,missed
CALL00673,+916633107027,+916507521876,2025-12-02 10:12:39,2269,connected
CALL00674,+919402849000,+917478623233,2025-12-02 15:52:42,2201,connected
CALL00675,+919776776517,+917878657199,2025-12-03 04:30:00,2556,connected
CALL00676,+918476744189,+917833345676,2025-12-01 19:20:28,350,connected
CALL00677,+916955654011,+917540453680,2025-12-02 02:53:31,1763,connected
CALL00678,+916771529250,+919069359586,2025-12-03 07:33:30,685,busy
CALL00679,+916742644054,+919191528670,2025-12-02 17:40:59,688,connected
CALL00680,+917102257376,+917587688897,2025-12-01 14:10:00,1999,connected
CALL00681,+917987451155,+916332574361,2025-12-01 09:04:48,2482,voicemail
CALL00682,+918861751665,+918256120287,2025-12-02 14:27:26,1631,connected
CALL00683,+918940868163,+919208164549,2025-12-02 06:21:20,3272,connected
CALL00684,+916272667653,+916041982451,2025-12-03 07:06:00,2233,connected
CALL00685,+916188348833,+916482562343,2025-12-02 02:49:45,2777,connected
CALL00686,+917890041620,+918981674016,2025-12-03 02:18:24,2024,missed
CALL00687,+916089640788,+919767516545,2025-12-01 18:53:33,2701,connected
CALL00688,+916027064879,+916050765947,2025-12-03 05:30:40,2575,connected
CALL00689,+918155437218,+918124549327,2025-12-02 04:53:59,1290,busy
CALL00690,+916317166436,+919949975108,2025-12-01 09:46:30,1251,connected
CALL00691,+917181581849,+916751646731,2025-12-01 17:28:01,2953,connected
CALL00692,+919542263538,+919834520920,2025-12-02 01:22:24,838,connected
CALL00693,+917208416005,+918001164552,2025-12-01 08:39:45,2627,connected
CALL00694,+919009812152,+917060263428,2025-12-02 00:52:06,3124,connected
CALL00695,+916847660313,+917747763426,2025-12-01 14:51:55,1386,connected
CALL00696,+918873534221,+917742822340,2025-12-03 01:52:48,1426,voicemail
CALL00697,+918812775360,+919519493117,2025-12-03 09:18:32,343,connected
CALL00698,+917745282070,+919999616791,2025-12-02 09:32:34,2423,connected
CALL00699,+916412201719,+919642557022,2025-12-02 06:40:42,1959,connected
CALL00700,+919901070661,+919704742696,2025-12-02 23:03:20,3479,voicemail
CALL00701,+916168270569,+917096704577,2025-12-02 10:04:35,2033,connected
CALL00702,+917361512474,+919706845383,2025-12-03 01:31:48,2002,connected
CALL00703,+918088129406,+918644504323,2025-12-01 20:06:49,269,missed
CALL00704,+919651197579,+919158566259,2025-12-02 02:24:00,509,busy
CALL00705,+918762202654,+919500064688,2025-12-03 04:29:00,2337,connected
CALL00706,+918613364182,+916351258368,2025-12-03 10:02:56,1438,connected
CALL00707,+918213160308,+918337731127,2025-12-02 08:00:41,656,connected
CALL00708,+919175535236,+919991323419,2025-12-02 16:54:24,2597,busy
CALL00709,+917734400945,+919379177318,2025-12-03 03:47:47,311,connected
CALL00710,+918044645384,+918248868122,2025-12-03 00:42:50,2330,connected
CALL00711,+916497452243,+917113604613,2025-12-02 09:22:39,231,connected
CALL00712,+919561865732,+919414327565,2025-12-03 01:50:24,398,voicemail
CALL00713,+916206386845,+917153733979,2025-12-02 01:09:11,2168,connected
CALL00714,+916363551084,+918271018792,2025-12-01 08:43:36,2643,missed
CALL00715,+918266686119,+916852156812,2025-12-03 08:12:25,943,connected
CALL00716,+918812061886,+919691820512,2025-12-01 08:45:04,2662,busy
CALL00717,+917954664906,+918387897240,2025-12-02 21:48:30,3288,connected
CALL00718,+917983652344,+919286702990,2025-12-01 23:56:00,3120,connected
CALL00719,+917372148282,+916539943766,2025-12-01 22:22:08,2475,connected
CALL00720,+917363373538,+919767382318,2025-12-02 21:24:00,484,connected
CALL00721,+916750126652,+917960899251,2025-12-03 00:28:02,2553,connected
CALL00722,+917238368799,+916072041455,2025-12-03 10:57:48,2782,connected
CALL00723,+916526708729,+916854048341,2025-12-02 05:55:27,3531,connected
CALL00724,+917380207930,+919463697252,2025-12-02 12:36:08,2209,connected
CALL00725,+918555144052,+919739593682,2025-12-03 00:07:55,548,busy
CALL00726,+917430104139,+917986270603,2025-12-03 01:12:24,1717,connected
CALL00727,+919126980183,+917211553159,2025-12-01 20:11:40,401,connected
CALL00728,+917110732063,+916886130868,2025-12-01 16:22:48,3023,busy
CALL00729,+918814178262,+916653055520,2025-12-01 20:27:09,347,connected
CALL00730,+918290190502,+916222766220,2025-12-03 09:11:00,3312,connected
CALL00731,+916543371146,+916477000671,2025-12-02 13:09:33,51,connected
CALL00732,+917032185856,+919682526580,2025-12-03 02:01:12,3557,connected
CALL00733,+919499049201,+917019204342,2025-12-03 00:15:21,2718,connected
CALL00734,+916622616438,+919836600931,2025-12-03 00:07:04,904,connected
CALL00735,+918492032201,+918110767347,2025-12-02 18:40:15,414,connected
CALL00736,+916037914463,+916225677034,2025-12-02 13:00:16,1513,voicemail
CALL00737,+918768636753,+917291339572,2025-12-02 04:39:40,2282,connected
CALL00738,+916254609921,+916324276237,2025-12-01 11:28:48,327,connected
CALL00739,+919105494980,+917377706228,2025-12-03 01:52:57,1113,connected
CALL00740,+917845990206,+918903839877,2025-12-02 12:47:40,3077,missed
CALL00741,+916939041170,+917366269007,2025-12-02 20:27:36,1690,missed
CALL00742,+917545733543,+916227736786,2025-12-01 17:31:10,2099,connected
CALL00743,+917731212435,+919666495091,2025-12-03 01:32:00,461,connected
CALL00744,+917510448864,+919613288213,2025-12-01 06:49:12,2899,connected
CALL00745,+919120927620,+919170002193,2025-12-01 10:08:25,1079,connected
CALL00746,+917570016313,+916021118854,2025-12-01 09:31:56,3600,connected
CALL00747,+918837523853,+917431051244,2025-12-03 00:08:24,124,missed
CALL00748,+917297905003,+917335028179,2025-12-02 18:35:40,3576,connected
CALL00749,+918959902022,+916358067896,2025-12-01 07:54:22,1230,connected
CALL00750,+916903312307,+917653209728,2025-12-01 09:22:30,1759,connected
CALL00751,+918159763480,+916487572052,2025-12-03 05:36:47,2127,connected
CALL00752,+918992014444,+918398528233,2025-12-01 19:38:08,3253,connected
CALL00753,+916614894531,+918075416035,2025-12-01 06:16:30,62,connected
CALL00754,+919758809824,+916978532808,2025-12-01 17:10:28,2424,connected
CALL00755,+918518651933,+916801891380,2025-12-01 11:19:30,389,connected
CALL00756,+917059561209,+919995705343,2025-12-01 21:37:48,3309,connected
CALL00757,+918201353062,+918950938604,2025-12-02 03:32:47,796,connected
CALL00758,+917291709376,+919790679573,2025-12-01 06:31:38,1665,connected
CALL00759,+916607005287,+917216193679,2025-12-01 14:32:51,3312,connected
CALL00760,+917450100745,+916436272377,2025-12-01 18:47:20,993,connected
CALL00761,+919302603796,+917059719248,2025-12-02 03:41:31,2956,voicemail
CALL00762,+917739167889,+917837647221,2025-12-02 09:26:36,304,connected
CALL00763,+918851750062,+916611438795,2025-12-01 19:55:22,1527,connected
CALL00764,+918607945460,+919593236645,2025-12-01 09:58:28,1650,connected
CALL00765,+918090470951,+918728509112,2025-12-03 13:24:45,2056,connected
CALL00766,+917634793867,+917216329808,2025-12-02 21:06:32,2474,connected
CALL00767,+916708971780,+917191093671,2025-12-03 00:09:02,3391,missed
CALL00768,+917823879076,+917240015798,2025-12-03 01:42:24,2085,connected
CALL00769,+917617823676,+918541725846,2025-12-02 03:07:43,382,connected
CALL00770,+919971613363,+917703896322,2025-12-02 21:33:30,2145,connected
CALL00771,+919456330425,+918259926610,2025-12-03 10:40:54,3017,connected
CALL00772,+919083083689,+917740766830,2025-12-02 08:22:52,2104,busy
CALL00773,+919206467140,+918093320824,2025-12-02 03:54:50,1962,busy
CALL00774,+919804400686,+918672201856,2025-12-03 08:32:42,2033,missed
CALL00775,+918493879320,+919781896640,2025-12-01 08:23:45,778,connected
CALL00776,+916697585113,+918244209748,2025-12-01 13:47:44,3163,connected
CALL00777,+917997549727,+918096337015,2025-12-02 16:08:42,244,connected
CALL00778,+919529865747,+916624294369,2025-12-03 01:03:26,2355,busy
CALL00779,+919990087606,+918948182591,2025-12-02 10:37:20,3344,connected
CALL00780,+916252208582,+916954833011,2025-12-02 10:27:00,3430,connected
CALL00781,+917250868172,+916823860338,2025-12-02 14:36:58,2508,connected
CALL00782,+919017212699,+918040725835,2025-12-03 00:26:26,2693,missed
CALL00783,+919895668721,+916666217798,2025-12-02 23:24:54,2646,missed
CALL00784,+918056007758,+916215952891,2025-12-01 07:37:20,613,connected
CALL00785,+918280811214,+918021006299,2025-12-02 17:25:50,884,connected
CALL00786,+916990221415,+919974356712,2025-12-02 18:21:24,2124,missed
CALL00787,+919530228857,+918790772832,2025-12-02 11:24:54,1119,connected
CALL00788,+918928362298,+916021237503,2025-12-01 22:06:28,2881,connected
CALL00789,+918073551634,+919805600277,2025-12-01 23:00:45,872,connected
CALL00790,+919516802268,+918411486288,2025-12-01 13:10:00,3570,connected
CALL00791,+919591015696,+916038505940,2025-12-03 03:38:05,2225,connected
CALL00792,+918041889561,+919764569454,2025-12-02 15:22:48,3586,voicemail
CALL00793,+918593041870,+916874982940,2025-12-03 14:46:45,2562,connected
CALL00794,+917156050252,+918757428207,2025-12-03 05:35:42,2484,connected
CALL00795,+916523746214,+919190094631,2025-12-02 10:00:30,3308,connected
CALL00796,+917161467485,+916755862190,2025-12-03 00:51:56,164,connected
CALL00797,+918963494522,+917561791141,2025-12-03 08:13:58,1548,connected
CALL00798,+918543365090,+916322799385,2025-12-02 00:49:36,1151,connected
CALL00799,+916781933625,+917780043546,2025-12-03 16:21:50,1918,busy
CALL00800,+918020223943,+919648134835,2025-12-02 22:26:40,527,voicemail
CALL00801,+919028248545,+918566130611,2025-12-03 15:51:27,246,busy
CALL00802,+916586914021,+916418370510,2025-12-02 04:44:18,2110,voicemail
CALL00803,+916917570883,+919903187958,2025-12-03 07:32:27,2874,missed
CALL00804,+919683035168,+916145270647,2025-12-02 16:25:24,3031,connected
CALL00805,+918355244641,+916684441496,2025-12-01 11:37:40,1319,connected
CALL00806,+919375860824,+919034688524,2025-12-02 18:32:20,1702,connected
CALL00807,+917522900796,+916762498091,2025-12-01 22:25:00,1268,busy
CALL00808,+919518278940,+917606043377,2025-12-03 02:03:04,1382,busy
CALL00809,+916258414022,+918368354930,2025-12-01 08:18:53,3058,connected
CALL00810,+916021670705,+919133333069,2025-12-03 07:48:00,402,connected
CALL00811,+917369157898,+919234870097,2025-12-03 14:10:36,147,connected
CALL00812,+916523684794,+918445967399,2025-12-02 10:03:32,688,connected
CALL00813,+917038028069,+919082630881,2025-12-02 13:15:45,2895,missed
CALL00814,+916113207749,+918424073560,2025-12-02 19:24:48,568,connected
CALL00815,+918490952659,+916309672011,2025-12-03 19:14:15,526,connected
CALL00816,+919987927333,+919568865570,2025-12-02 22:00:48,2468,busy
CALL00817,+917199488693,+918525316232,2025-12-01 10:26:22,1080,connected
CALL00818,+917064401356,+919710068127,2025-12-01 06:49:00,469,connected
CALL00819,+919141923856,+917299897642,2025-12-02 21:57:18,1473,connected
CALL00820,+916262121558,+919438940218,2025-12-03 08:29:20,2948,connected
CALL00821,+919060211049,+918487663296,2025-12-03 13:20:49,1887,busy
CALL00822,+918066412586,+916650080325,2025-12-02 20:31:30,1014,connected
CALL00823,+916966601347,+917261375550,2025-12-02 04:20:52,2028,connected
CALL00824,+916044447526,+918051551458,2025-12-02 01:24:24,1439,connected
CALL00825,+919700658215,+918251196575,2025-12-02 20:13:45,2107,connected
CALL00826,+918896996222,+917079259287,2025-12-01 10:19:30,3381,connected
CALL00827,+918397796548,+918491194474,2025-12-03 19:59:52,1256,connected
CALL00828,+918991889670,+919893185616,2025-12-01 23:27:36,3281,connected
CALL00829,+919654037031,+919699726800,2025-12-01 13:21:22,2853,connected
CALL00830,+918117508588,+918895009977,2025-12-02 14:16:20,954,connected
CALL00831,+919876172511,+917688801454,2025-12-03 16:38:00,3269,connected
CALL00832,+916277637533,+918447193123,2025-12-02 23:22:40,3395,connected
CALL00833,+917141480095,+917597432407,2025-12-01 20:49:30,2118,busy
CALL00834,+919515680629,+918710581607,2025-12-03 21:30:00,3178,connected
CALL00835,+918923130993,+916289195994,2025-12-02 17:45:00,3303,missed
CALL00836,+916965472600,+917239692610,2025-12-03 13:04:28,2960,connected
CALL00837,+919571830856,+917805344017,2025-12-03 00:07:39,289,busy
CALL00838,+918661903640,+919720952560,2025-12-01 12:48:10,1308,connected
CALL00839,+919227930145,+916535665446,2025-12-02 08:23:41,2628,connected
CALL00840,+918141292662,+918569300241,2025-12-01 22:10:00,3087,missed
CALL00841,+918406057059,+917227277493,2025-12-03 11:34:15,764,connected
CALL00842,+917185726803,+919376020523,2025-12-03 16:33:12,2779,connected
CALL00843,+917499309784,+916779227146,2025-12-02 18:09:00,1431,connected
CALL00844,+918311510395,+917474847872,2025-12-01 09:36:44,1034,connected
CALL00845,+919063034698,+917491602956,2025-12-02 01:49:10,1788,connected
CALL00846,+919780437308,+917751776390,2025-12-02 15:57:00,3020,connected
CALL00847,+916583671890,+916274819687,2025-12-01 14:35:14,3587,voicemail
CALL00848,+916189260732,+916387487756,2025-12-03 00:31:28,720,busy
CALL00849,+917755878894,+919505346909,2025-12-03 10:00:54,413,connected
CALL00850,+916108395225,+919448378215,2025-12-03 08:54:10,2960,busy
CALL00851,+916527196387,+916613132963,2025-12-03 03:46:09,2049,connected
CALL00852,+916454000519,+918934881779,2025-12-01 12:32:36,1774,connected
CALL00853,+917923967612,+916778155548,2025-12-03 22:22:21,974,connected
CALL00854,+917175394364,+918914319087,2025-12-01 14:14:00,3502,voicemail
CALL00855,+918019178436,+918510271219,2025-12-02 05:41:15,1578,busy
CALL00856,+916729546713,+919940387239,2025-12-01 17:07:12,1004,connected
CALL00857,+918216798701,+918434858638,2025-12-03 12:13:41,687,connected
CALL00858,+919239514650,+918863069095,2025-12-02 06:01:48,647,connected
CALL00859,+917449924535,+918413436954,2025-12-03 04:29:40,408,connected
CALL00860,+918151192973,+918201732726,2025-12-02 02:59:40,3566,connected
CALL00861,+917719940957,+919057158552,2025-12-01 17:13:12,2489,connected
CALL00862,+918442174483,+917793044773,2025-12-01 11:58:20,2236,connected
CALL00863,+916238355834,+919971688535,2025-12-03 20:04:52,1134,busy
CALL00864,+917543998357,+917961139053,2025-12-03 10:33:36,1873,connected
CALL00865,+919383805302,+919594698243,2025-12-01 22:49:35,928,busy
CALL00866,+918325115666,+917538903324,2025-12-01 07:13:00,92,connected
CALL00867,+917960233682,+918490818507,2025-12-02 08:16:18,2135,connected
CALL00868,+917472718092,+917389655674,2025-12-01 10:51:00,2332,missed
CALL00869,+917444307431,+918161205682,2025-12-02 01:49:43,2404,connected
CALL00870,+916034709330,+917133992192,2025-12-03 15:19:00,704,connected
CALL00871,+918596840682,+919364676490,2025-12-03 16:21:26,650,connected
CALL00872,+916976291192,+919143160297,2025-12-02 23:28:32,1730,connected
CALL00873,+917113528756,+916084255777,2025-12-01 10:11:06,1664,connected
CALL00874,+916655038375,+919999086843,2025-12-01 13:21:10,878,connected
CALL00875,+917987031059,+918341541851,2025-12-02 20:43:20,1315,missed
CALL00876,+918878010744,+917575880526,2025-12-03 08:12:36,2573,missed
CALL00877,+917141212794,+916821695083,2025-12-04 00:06:32,2930,missed
CALL00878,+918360322496,+917666496109,2025-12-02 16:14:30,2221,busy
CALL00879,+917691247150,+916044673757,2025-12-03 11:05:18,2445,connected
CALL00880,+918745144816,+918837518482,2025-12-01 07:34:40,2756,connected
CALL00881,+918209722172,+916624917055,2025-12-03 15:08:18,287,connected
CALL00882,+917162950668,+918582213381,2025-12-03 19:22:30,3046,missed
CALL00883,+918557835164,+916017682949,2025-12-01 23:32:48,1459,missed
CALL00884,+916010004866,+918255942367,2025-12-01 09:34:36,1742,voicemail
CALL00885,+918611733992,+916955374522,2025-12-01 12:32:15,3158,voicemail
CALL00886,+919983429024,+919295485344,2025-12-01 19:41:20,950,connected
CALL00887,+916375947735,+919706630368,2025-12-03 00:02:45,286,connected
CALL00888,+917040963136,+916689618641,2025-12-03 16:52:24,32,connected
CALL00889,+916561065444,+919573570196,2025-12-03 06:34:29,910,busy
CALL00890,+919726537607,+918558740537,2025-12-02 06:24:30,3236,connected
CALL00891,+916679830949,+916731725836,2025-12-02 09:39:36,3144,missed
CALL00892,+919304587786,+917917741756,2025-12-03 22:51:52,1013,connected
CALL00893,+919314882932,+919723572877,2025-12-02 06:15:46,3139,connected
CALL00894,+919284875878,+919325115079,2025-12-01 19:37:06,523,connected
CALL00895,+916663363961,+919706215651,2025-12-01 18:23:50,2700,connected
CALL00896,+918020885946,+918319404642,2025-12-01 21:24:16,2625,connected
CALL00897,+918339180969,+917050568463,2025-12-04 00:30:27,1381,missed
CALL00898,+919001388761,+917607266474,2025-12-03 11:22:04,2600,missed
CALL00899,+917117948350,+917343050196,2025-12-03 12:25:58,2294,connected
CALL00900,+918164762202,+919335492564,2025-12-02 08:45:00,658,connected
CALL00901,+918695425240,+916521919465,2025-12-02 20:47:59,423,connected
CALL00902,+916483141778,+919575495298,2025-12-02 04:03:44,958,connected
CALL00903,+919256388614,+916790851648,2025-12-03 01:39:54,425,connected
CALL00904,+919948235212,+919999220743,2025-12-04 00:49:20,2313,connected
CALL00905,+919839191937,+916205424040,2025-12-02 18:29:05,2288,busy
CALL00906,+917793069896,+919912504538,2025-12-03 14:55:00,880,connected
CALL00907,+917464962702,+916281237161,2025-12-03 01:53:06,553,connected
CALL00908,+917047270168,+919009791385,2025-12-02 20:53:44,900,connected
CALL00909,+916925709634,+918044469586,2025-12-01 10:21:09,2631,missed
CALL00910,+916227293339,+917153155014,2025-12-03 19:14:20,3576,connected
CALL00911,+916414311852,+919668016999,2025-12-03 22:36:09,1065,connected
CALL00912,+919359786119,+918610923203,2025-12-01 22:17:36,2890,connected
CALL00913,+919488926700,+919094899667,2025-12-02 04:09:03,3008,busy
CALL00914,+918848219571,+919972185685,2025-12-03 10:08:26,484,busy
CALL00915,+919349011478,+918228246581,2025-12-01 13:58:45,1603,connected
CALL00916,+917668281740,+919939520075,2025-12-03 16:07:12,2026,connected
CALL00917,+919100939320,+917763556855,2025-12-02 09:52:41,413,voicemail
CALL00918,+917056235063,+919777393814,2025-12-02 08:07:48,2474,connected
CALL00919,+919156812276,+917281020365,2025-12-01 09:11:24,444,connected
CALL00920,+918682933853,+919847679842,2025-12-02 23:32:00,2432,connected
CALL00921,+916014990078,+919042282130,2025-12-01 13:48:54,1136,missed
CALL00922,+916736430423,+918987210591,2025-12-03 16:47:46,3438,busy
CALL00923,+917778475134,+919998208841,2025-12-03 08:24:20,2607,connected
CALL00924,+919091659930,+916630422976,2025-12-04 00:38:12,2858,connected
CALL00925,+916834264553,+919432191191,2025-12-01 21:35:00,2470,connected
CALL00926,+918116250285,+917905572351,2025-12-01 17:29:28,1954,connected
CALL00927,+918571677258,+916429218457,2025-12-03 12:15:18,86,connected
CALL00928,+918116428310,+916096699557,2025-12-03 11:48:16,1815,missed
CALL00929,+919326391272,+918187871384,2025-12-03 11:36:39,2226,connected
CALL00930,+917111657631,+916159905366,2025-12-02 19:55:00,2101,missed
CALL00931,+916796996044,+919389911873,2025-12-01 13:42:23,688,connected
CALL00932,+919572489443,+916417090595,2025-12-04 04:37:52,1059,connected
CALL00933,+919927733041,+917046909690,2025-12-01 08:02:03,2954,connected
CALL00934,+916795417838,+919971604760,2025-12-02 11:48:12,2065,connected
CALL00935,+917426248596,+919023909115,2025-12-02 22:29:25,2701,missed
CALL00936,+918242870966,+916902014726,2025-12-01 12:44:24,1350,connected
CALL00937,+919042653012,+917183027036,2025-12-04 05:33:46,2426,connected
CALL00938,+916897356258,+916458046060,2025-12-02 06:29:06,1491,connected
CALL00939,+917258879771,+918034208638,2025-12-02 23:59:36,2659,connected
CALL00940,+918634240642,+919165237393,2025-12-01 12:00:40,3383,missed
CALL00941,+919457075664,+917519951011,2025-12-02 07:22:00,1064,connected
CALL00942,+916961641837,+918879770564,2025-12-01 19:37:30,3488,connected
CALL00943,+916251303069,+918097880794,2025-12-02 01:24:31,2934,connected
CALL00944,+919649161255,+919614252314,2025-12-03 16:46:08,3240,busy
CALL00945,+919706529350,+917042159932,2025-12-02 23:46:30,2511,connected
CALL00946,+918477355169,+919198070345,2025-12-03 04:49:06,1071,connected
CALL00947,+919328230078,+919238034371,2025-12-02 23:52:34,1816,busy
CALL00948,+917173366048,+916957254549,2025-12-02 22:20:48,491,busy
CALL00949,+917257189941,+916720855254,2025-12-03 03:24:15,2293,connected
CALL00950,+918508212013,+918249412396,2025-12-02 17:41:40,2749,missed
CALL00951,+918585053009,+916670778985,2025-12-02 09:32:57,3398,missed
CALL00952,+918014509346,+917112431161,2025-12-01 09:47:04,425,connected
CALL00953,+918305992058,+918155744161,2025-12-01 10:19:27,3405,busy
CALL00954,+918341387503,+918735759734,2025-12-03 18:46:48,1949,connected
CALL00955,+919878342062,+918911216753,2025-12-03 10:21:40,2644,missed
CALL00956,+918974197813,+919184987170,2025-12-02 23:16:08,3183,voicemail
CALL00957,+917309383428,+916563433049,2025-12-03 15:48:00,1043,connected
CALL00958,+919225096759,+918021477294,2025-12-04 07:34:02,2708,missed
CALL00959,+917258589938,+916388781725,2025-12-02 04:46:12,3078,connected
CALL00960,+918831735080,+917216915463,2025-12-01 15:44:00,2464,missed
CALL00961,+918834048171,+919783197168,2025-12-02 10:10:08,433,connected
CALL00962,+916264840942,+917136490339,2025-12-01 16:50:06,1344,connected
CALL00963,+919232172323,+919000859528,2025-12-01 20:03:45,1172,connected
CALL00964,+918912562589,+917951796925,2025-12-02 16:10:00,648,connected
CALL00965,+916122687856,+916292390803,2025-12-02 06:01:20,182,connected
CALL00966,+918457052209,+917117432284,2025-12-02 04:26:36,2623,voicemail
CALL00967,+916163309088,+917607580371,2025-12-03 02:46:03,108,connected
CALL00968,+918081729606,+918783312154,2025-12-04 02:12:48,2299,connected
CALL00969,+916845532018,+916559757541,2025-12-01 12:06:45,1263,busy
CALL00970,+918876917663,+916757282515,2025-12-03 17:12:20,3355,connected
CALL00971,+919600736135,+918130145379,2025-12-04 08:55:00,3370,connected
CALL00972,+918596475479,+918091104837,2025-12-04 01:58:48,1154,connected
CALL00973,+917323359148,+916378507642,2025-12-02 11:40:36,1264,connected
CALL00974,+918359820362,+916773090954,2025-12-03 19:05:52,3018,connected
CALL00975,+919950430275,+916525712604,2025-12-01 10:50:00,2781,connected
CALL00976,+919937318263,+916476778601,2025-12-03 12:11:12,3299,connected
CALL00977,+918645740188,+916611990115,2025-12-03 16:51:43,2268,connected
CALL00978,+918067392483,+918522811031,2025-12-02 08:52:18,589,connected
CALL00979,+916072096312,+919676713061,2025-12-01 10:36:21,3543,connected
CALL00980,+918646088045,+916365879948,2025-12-02 14:39:20,2104,connected
CALL00981,+919589572607,+919653873030,2025-12-03 02:08:24,263,busy
CALL00982,+916313638727,+917071492437,2025-12-01 10:38:18,2306,connected
CALL00983,+916440126059,+918837415522,2025-12-01 22:07:03,2644,connected
CALL00984,+916364221473,+916563108333,2025-12-03 23:36:48,2693,connected
CALL00985,+917083479837,+918267002513,2025-12-02 11:01:20,246,connected
CALL00986,+918492755377,+917158236062,2025-12-04 08:47:50,1073,connected
CALL00987,+919814435241,+918590298272,2025-12-03 09:34:30,2540,connected
CALL00988,+918261304955,+917655266100,2025-12-04 02:38:56,2263,missed
CALL00989,+916018009544,+919023838572,2025-12-02 17:28:59,1864,missed
CALL00990,+919064883207,+916773941850,2025-12-03 08:55:30,1350,busy
CALL00991,+918522144465,+916597798590,2025-12-02 07:55:56,3257,missed
CALL00992,+918619082010,+918170805014,2025-12-02 11:16:16,1982,missed
CALL00993,+917207944871,+916778395510,2025-12-02 15:26:39,1046,connected
CALL00994,+919169372800,+918475429215,2025-12-04 10:16:52,3247,connected
CALL00995,+917349319479,+917713798509,2025-12-03 10:52:15,1684,missed
CALL00996,+918786681834,+917779486802,2025-12-04 01:02:24,324,connected
CALL00997,+919653594558,+919444426096,2025-12-03 10:42:44,2103,connected
CALL00998,+917999111851,+917174557941,2025-12-01 20:47:30,358,connected
CALL00999,+918239898232,+916773894543,2025-12-02 10:57:54,1225,connected
CALL01000,+917719013036,+918474411032,2025-12-03 10:03:20,940,connected
