type,u,v,weight
NODE,N0001,D,
NODE,N0002,S,
NODE,N0003,O,
NODE,N0004,O,
NODE,N0005,O,
NODE,N0006,O,
NODE,N0007,O,
NODE,N0008,O,
NODE,N0009,O,
NODE,N0010,O,
NODE,N0011,O,
NODE,N0012,O,
NODE,N0013,O,
NODE,N0014,O,
NODE,N0015,O,
NODE,N0016,O,
NODE,N0017,O,
NODE,N0018,O,
NODE,N0019,O,
NODE,N0020,O,
NODE,N0021,O,
NODE,N0022,O,
NODE,N0023,O,
NODE,N0024,O,
NODE,N0025,O,
NODE,N0026,O,
NODE,N0027,S,
NODE,N0028,D,
NODE,N0029,D,
NODE,N0030,D,
NODE,N0031,O,
NODE,N0032,D,
NODE,N0033,O,
NODE,N0034,D,
NODE,N0035,O,
NODE,N0036,O,
NODE,N0037,O,
NODE,N0038,O,
NODE,N0039,O,
NODE,N0040,S,
NODE,N0041,O,
NODE,N0042,O,
NODE,N0043,O,
NODE,N0044,O,
NODE,N0045,D,
NODE,N0046,O,
NODE,N0047,O,
NODE,N0048,O,
NODE,N0049,O,
NODE,N0050,O,
NODE,N0051,D,
NODE,N0052,O,
NODE,N0053,O,
NODE,N0054,O,
NODE,N0055,O,
NODE,N0056,O,
NODE,N0057,O,
NODE,N0058,O,
NODE,N0059,O,
NODE,N0060,O,
NODE,N0061,O,
NODE,N0062,O,
NODE,N0063,O,
NODE,N0064,O,
NODE,N0065,O,
NODE,N0066,O,
NODE,N0067,O,
NODE,N0068,D,
NODE,N0069,D,
NODE,N0070,O,
NODE,N0071,O,
NODE,N0072,O,
NODE,N0073,O,
NODE,N0074,O,
NODE,N0075,D,
NODE,N0076,O,
NODE,N0077,O,
NODE,N0078,O,
NODE,N0079,O,
NODE,N0080,O,
NODE,N0081,O,
NODE,N0082,O,
NODE,N0083,O,
NODE,N0084,O,
NODE,N0085,D,
NODE,N0086,O,
NODE,N0087,O,
NODE,N0088,O,
NODE,N0089,D,
NODE,N0090,O,
NODE,N0091,S,
NODE,N0092,O,
NODE,N0093,O,
NODE,N0094,O,
NODE,N0095,O,
NODE,N0096,O,
NODE,N0097,O,
NODE,N0098,O,
NODE,N0099,O,
NODE,N0100,O,
NODE,N0101,D,
NODE,N0102,D,
NODE,N0103,O,
NODE,N0104,O,
NODE,N0105,O,
NODE,N0106,O,
NODE,N0107,O,
NODE,N0108,O,
NODE,N0109,O,
NODE,N0110,O,
NODE,N0111,O,
NODE,N0112,O,
NODE,N0113,O,
NODE,N0114,D,
NODE,N0115,O,
NODE,N0116,O,
NODE,N0117,O,
NODE,N0118,O,
NODE,N0119,D,
NODE,N0120,O,
NODE,N0121,O,
NODE,N0122,D,
NODE,N0123,O,
NODE,N0124,O,
NODE,N0125,D,
NODE,N0126,O,
NODE,N0127,O,
NODE,N0128,O,
NODE,N0129,O,
NODE,N0130,O,
NODE,N0131,O,
NODE,N0132,O,
NODE,N0133,O,
NODE,N0134,O,
NODE,N0135,O,
NODE,N0136,O,
NODE,N0137,O,
NODE,N0138,O,
NODE,N0139,O,
NODE,N0140,D,
NODE,N0141,O,
NODE,N0142,O,
NODE,N0143,O,
NODE,N0144,O,
NODE,N0145,O,
NODE,N0146,O,
NODE,N0147,O,
NODE,N0148,O,
NODE,N0149,O,
NODE,N0150,O,
NODE,N0151,O,
NODE,N0152,O,
NODE,N0153,O,
NODE,N0154,O,
NODE,N0155,O,
NODE,N0156,O,
NODE,N0157,O,
NODE,N0158,O,
NODE,N0159,O,
NODE,N0160,O,
NODE,N0161,O,
NODE,N0162,O,
NODE,N0163,O,
NODE,N0164,O,
NODE,N0165,O,
NODE,N0166,O,
NODE,N0167,S,
NODE,N0168,O,
NODE,N0169,O,
NODE,N0170,O,
NODE,N0171,S,
NODE,N0172,S,
NODE,N0173,O,
NODE,N0174,O,
NODE,N0175,O,
NODE,N0176,O,
NODE,N0177,O,
NODE,N0178,D,
NODE,N0179,S,
NODE,N0180,O,
NODE,N0181,D,
NODE,N0182,O,
NODE,N0183,O,
NODE,N0184,O,
NODE,N0185,O,
NODE,N0186,O,
NODE,N0187,S,
NODE,N0188,O,
NODE,N0189,O,
NODE,N0190,O,
NODE,N0191,O,
NODE,N0192,O,
NODE,N0193,O,
NODE,N0194,D,
NODE,N0195,O,
NODE,N0196,O,
NODE,N0197,O,
NODE,N0198,O,
NODE,N0199,D,
NODE,N0200,O,
NODE,N0201,O,
NODE,N0202,O,
NODE,N0203,D,
NODE,N0204,O,
NODE,N0205,O,
NODE,N0206,O,
NODE,N0207,O,
NODE,N0208,O,
NODE,N0209,O,
NODE,N0210,O,
NODE,N0211,O,
NODE,N0212,O,
NODE,N0213,O,
NODE,N0214,D,
NODE,N0215,O,
NODE,N0216,O,
NODE,N0217,D,
NODE,N0218,O,
NODE,N0219,O,
NODE,N0220,O,
NODE,N0221,O,
NODE,N0222,O,
NODE,N0223,O,
NODE,N0224,O,
NODE,N0225,O,
NODE,N0226,O,
NODE,N0227,O,
NODE,N0228,O,
NODE,N0229,O,
NODE,N0230,O,
NODE,N0231,O,
NODE,N0232,O,
NODE,N0233,D,
NODE,N0234,D,
NODE,N0235,O,
NODE,N0236,O,
NODE,N0237,O,
NODE,N0238,D,
NODE,N0239,O,
NODE,N0240,S,
NODE,N0241,S,
NODE,N0242,S,
NODE,N0243,O,
NODE,N0244,O,
NODE,N0245,O,
NODE,N0246,O,
NODE,N0247,O,
NODE,N0248,O,
NODE,N0249,S,
NODE,N0250,D,
NODE,N0251,D,
NODE,N0252,O,
NODE,N0253,O,
NODE,N0254,O,
NODE,N0255,O,
NODE,N0256,O,
NODE,N0257,O,
NODE,N0258,O,
NODE,N0259,O,
NODE,N0260,O,
NODE,N0261,O,
NODE,N0262,O,
NODE,N0263,O,
NODE,N0264,O,
NODE,N0265,O,
NODE,N0266,O,
NODE,N0267,O,
NODE,N0268,O,
NODE,N0269,O,
NODE,N0270,O,
NODE,N0271,O,
NODE,N0272,O,
NODE,N0273,O,
NODE,N0274,O,
NODE,N0275,O,
NODE,N0276,O,
NODE,N0277,O,
NODE,N0278,O,
NODE,N0279,O,
NODE,N0280,O,
NODE,N0281,O,
NODE,N0282,O,
NODE,N0283,O,
NODE,N0284,O,
NODE,N0285,D,
NODE,N0286,S,
NODE,N0287,O,
NODE,N0288,O,
NODE,N0289,O,
NODE,N0290,O,
NODE,N0291,O,
NODE,N0292,O,
NODE,N0293,O,
NODE,N0294,O,
NODE,N0295,O,
NODE,N0296,O,
NODE,N0297,O,
NODE,N0298,O,
NODE,N0299,O,
NODE,N0300,O,
NODE,N0301,O,
NODE,N0302,O,
NODE,N0303,O,
NODE,N0304,O,
NODE,N0305,O,
NODE,N0306,O,
NODE,N0307,O,
NODE,N0308,O,
NODE,N0309,O,
NODE,N0310,O,
NODE,N0311,O,
NODE,N0312,O,
NODE,N0313,O,
NODE,N0314,O,
NODE,N0315,S,
NODE,N0316,S,
NODE,N0317,O,
NODE,N0318,O,
NODE,N0319,O,
NODE,N0320,S,
NODE,N0321,O,
NODE,N0322,O,
NODE,N0323,O,
NODE,N0324,O,
NODE,N0325,O,
NODE,N0326,O,
NODE,N0327,O,
NODE,N0328,O,
NODE,N0329,O,
NODE,N0330,O,
NODE,N0331,O,
NODE,N0332,D,
NODE,N0333,O,
NODE,N0334,O,
NODE,N0335,O,
NODE,N0336,S,
NODE,N0337,O,
NODE,N0338,O,
NODE,N0339,O,
NODE,N0340,D,
NODE,N0341,O,
NODE,N0342,O,
NODE,N0343,O,
NODE,N0344,O,
NODE,N0345,O,
NODE,N0346,O,
NODE,N0347,O,
NODE,N0348,O,
NODE,N0349,O,
NODE,N0350,S,
NODE,N0351,O,
NODE,N0352,O,
NODE,N0353,D,
NODE,N0354,O,
NODE,N0355,O,
NODE,N0356,S,
NODE,N0357,O,
NODE,N0358,O,
NODE,N0359,O,
NODE,N0360,O,
NODE,N0361,O,
NODE,N0362,O,
NODE,N0363,D,
NODE,N0364,O,
NODE,N0365,O,
NODE,N0366,O,
NODE,N0367,O,
NODE,N0368,O,
NODE,N0369,O,
NODE,N0370,O,
NODE,N0371,O,
NODE,N0372,O,
NODE,N0373,O,
NODE,N0374,O,
NODE,N0375,O,
NODE,N0376,O,
NODE,N0377,D,
NODE,N0378,S,
NODE,N0379,O,
NODE,N0380,O,
NODE,N0381,D,
NODE,N0382,O,
NODE,N0383,O,
NODE,N0384,O,
NODE,N0385,D,
NODE,N0386,O,
NODE,N0387,O,
NODE,N0388,O,
NODE,N0389,O,
NODE,N0390,O,
NODE,N0391,O,
NODE,N0392,D,
NODE,N0393,S,
NODE,N0394,O,
NODE,N0395,O,
NODE,N0396,O,
NODE,N0397,O,
NODE,N0398,O,
NODE,N0399,O,
NODE,N0400,O,
NODE,N0401,S,
NODE,N0402,O,
NODE,N0403,O,
NODE,N0404,O,
NODE,N0405,O,
NODE,N0406,O,
NODE,N0407,O,
NODE,N0408,D,
NODE,N0409,D,
NODE,N0410,O,
NODE,N0411,D,
NODE,N0412,O,
NODE,N0413,O,
NODE,N0414,S,
NODE,N0415,O,
NODE,N0416,O,
NODE,N0417,O,
NODE,N0418,O,
NODE,N0419,O,
NODE,N0420,O,
NODE,N0421,O,
NODE,N0422,D,
NODE,N0423,O,
NODE,N0424,O,
NODE,N0425,O,
NODE,N0426,O,
NODE,N0427,O,
NODE,N0428,O,
NODE,N0429,O,
NODE,N0430,O,
NODE,N0431,O,
NODE,N0432,O,
NODE,N0433,O,
NODE,N0434,O,
NODE,N0435,O,
NODE,N0436,O,
NODE,N0437,O,
NODE,N0438,S,
NODE,N0439,O,
NODE,N0440,O,
NODE,N0441,O,
NODE,N0442,D,
NODE,N0443,O,
NODE,N0444,O,
NODE,N0445,O,
NODE,N0446,O,
NODE,N0447,O,
NODE,N0448,O,
NODE,N0449,O,
NODE,N0450,O,
NODE,N0451,O,
NODE,N0452,O,
NODE,N0453,O,
NODE,N0454,D,
NODE,N0455,O,
NODE,N0456,O,
NODE,N0457,O,
NODE,N0458,D,
NODE,N0459,O,
NODE,N0460,O,
NODE,N0461,O,
NODE,N0462,O,
NODE,N0463,O,
NODE,N0464,O,
NODE,N0465,O,
NODE,N0466,S,
NODE,N0467,O,
NODE,N0468,D,
NODE,N0469,O,
NODE,N0470,O,
NODE,N0471,O,
NODE,N0472,D,
NODE,N0473,O,
NODE,N0474,O,
NODE,N0475,O,
NODE,N0476,O,
NODE,N0477,O,
NODE,N0478,O,
NODE,N0479,O,
NODE,N0480,O,
NODE,N0481,O,
NODE,N0482,O,
NODE,N0483,O,
NODE,N0484,O,
NODE,N0485,O,
NODE,N0486,O,
NODE,N0487,O,
NODE,N0488,O,
NODE,N0489,O,
NODE,N0490,D,
NODE,N0491,O,
NODE,N0492,O,
NODE,N0493,O,
NODE,N0494,O,
NODE,N0495,O,
NODE,N0496,O,
NODE,N0497,O,
NODE,N0498,O,
NODE,N0499,O,
NODE,N0500,O,
NODE,N0501,O,
NODE,N0502,O,
NODE,N0503,O,
NODE,N0504,O,
NODE,N0505,O,
NODE,N0506,O,
NODE,N0507,O,
NODE,N0508,O,
NODE,N0509,O,
NODE,N0510,O,
NODE,N0511,O,
NODE,N0512,O,
NODE,N0513,O,
NODE,N0514,O,
NODE,N0515,O,
NODE,N0516,O,
NODE,N0517,O,
NODE,N0518,O,
NODE,N0519,O,
NODE,N0520,O,
NODE,N0521,O,
NODE,N0522,O,
NODE,N0523,D,
NODE,N0524,O,
NODE,N0525,O,
NODE,N0526,O,
NODE,N0527,O,
NODE,N0528,O,
NODE,N0529,O,
NODE,N0530,O,
NODE,N0531,O,
NODE,N0532,O,
NODE,N0533,D,
NODE,N0534,O,
NODE,N0535,O,
NODE,N0536,O,
NODE,N0537,O,
NODE,N0538,O,
NODE,N0539,O,
NODE,N0540,O,
NODE,N0541,D,
NODE,N0542,D,
NODE,N0543,O,
NODE,N0544,D,
NODE,N0545,D,
NODE,N0546,O,
NODE,N0547,O,
NODE,N0548,O,
NODE,N0549,O,
NODE,N0550,O,
NODE,N0551,O,
NODE,N0552,O,
NODE,N0553,O,
NODE,N0554,O,
NODE,N0555,O,
NODE,N0556,O,
NODE,N0557,O,
NODE,N0558,D,
NODE,N0559,O,
NODE,N0560,D,
NODE,N0561,O,
NODE,N0562,O,
NODE,N0563,O,
NODE,N0564,O,
NODE,N0565,O,
NODE,N0566,D,
NODE,N0567,O,
NODE,N0568,D,
NODE,N0569,O,
NODE,N0570,O,
NODE,N0571,O,
NODE,N0572,D,
NODE,N0573,O,
NODE,N0574,O,
NODE,N0575,O,
NODE,N0576,O,
NODE,N0577,D,
NODE,N0578,S,
NODE,N0579,O,
NODE,N0580,O,
NODE,N0581,S,
NODE,N0582,O,
NODE,N0583,O,
NODE,N0584,D,
NODE,N0585,O,
NODE,N0586,O,
NODE,N0587,O,
NODE,N0588,O,
NODE,N0589,O,
NODE,N0590,O,
NODE,N0591,S,
NODE,N0592,D,
NODE,N0593,O,
NODE,N0594,O,
NODE,N0595,O,
NODE,N0596,O,
NODE,N0597,O,
NODE,N0598,O,
NODE,N0599,O,
NODE,N0600,O,
NODE,N0601,D,
NODE,N0602,D,
NODE,N0603,O,
NODE,N0604,O,
NODE,N0605,O,
NODE,N0606,O,
NODE,N0607,O,
NODE,N0608,O,
NODE,N0609,O,
NODE,N0610,D,
NODE,N0611,O,
NODE,N0612,O,
NODE,N0613,O,
NODE,N0614,O,
NODE,N0615,O,
NODE,N0616,O,
NODE,N0617,O,
NODE,N0618,O,
NODE,N0619,O,
NODE,N0620,O,
NODE,N0621,D,
NODE,N0622,S,
NODE,N0623,O,
NODE,N0624,O,
NODE,N0625,O,
NODE,N0626,O,
NODE,N0627,D,
NODE,N0628,D,
NODE,N0629,O,
NODE,N0630,S,
NODE,N0631,O,
NODE,N0632,O,
NODE,N0633,S,
NODE,N0634,O,
NODE,N0635,O,
NODE,N0636,O,
NODE,N0637,O,
NODE,N0638,O,
NODE,N0639,S,
NODE,N0640,O,
NODE,N0641,O,
NODE,N0642,O,
NODE,N0643,S,
NODE,N0644,O,
NODE,N0645,O,
NODE,N0646,O,
NODE,N0647,O,
NODE,N0648,O,
NODE,N0649,S,
NODE,N0650,O,
NODE,N0651,O,
NODE,N0652,O,
NODE,N0653,O,
NODE,N0654,O,
NODE,N0655,D,
NODE,N0656,O,
NODE,N0657,S,
NODE,N0658,O,
NODE,N0659,O,
NODE,N0660,S,
NODE,N0661,O,
NODE,N0662,D,
NODE,N0663,O,
NODE,N0664,O,
NODE,N0665,O,
NODE,N0666,O,
NODE,N0667,O,
NODE,N0668,O,
NODE,N0669,O,
NODE,N0670,O,
NODE,N0671,D,
NODE,N0672,O,
NODE,N0673,O,
NODE,N0674,O,
NODE,N0675,O,
NODE,N0676,O,
NODE,N0677,S,
NODE,N0678,S,
NODE,N0679,O,
NODE,N0680,O,
NODE,N0681,O,
NODE,N0682,O,
NODE,N0683,O,
NODE,N0684,O,
NODE,N0685,O,
NODE,N0686,O,
NODE,N0687,O,
NODE,N0688,O,
NODE,N0689,S,
NODE,N0690,O,
NODE,N0691,O,
NODE,N0692,O,
NODE,N0693,O,
NODE,N0694,O,
NODE,N0695,O,
NODE,N0696,O,
NODE,N0697,O,
NODE,N0698,O,
NODE,N0699,O,
NODE,N0700,O,
NODE,N0701,O,
NODE,N0702,O,
NODE,N0703,O,
NODE,N0704,O,
NODE,N0705,O,
NODE,N0706,O,
NODE,N0707,D,
NODE,N0708,O,
NODE,N0709,O,
NODE,N0710,O,
NODE,N0711,O,
NODE,N0712,O,
NODE,N0713,O,
NODE,N0714,S,
NODE,N0715,O,
NODE,N0716,O,
NODE,N0717,O,
NODE,N0718,O,
NODE,N0719,O,
NODE,N0720,O,
NODE,N0721,O,
NODE,N0722,O,
NODE,N0723,S,
NODE,N0724,O,
NODE,N0725,O,
NODE,N0726,D,
NODE,N0727,O,
NODE,N0728,O,
NODE,N0729,O,
NODE,N0730,S,
NODE,N0731,O,
NODE,N0732,O,
NODE,N0733,O,
NODE,N0734,O,
NODE,N0735,O,
NODE,N0736,O,
NODE,N0737,O,
NODE,N0738,O,
NODE,N0739,O,
NODE,N0740,O,
NODE,N0741,O,
NODE,N0742,O,
NODE,N0743,O,
NODE,N0744,O,
NODE,N0745,O,
NODE,N0746,O,
NODE,N0747,O,
NODE,N0748,D,
NODE,N0749,O,
NODE,N0750,O,
NODE,N0751,O,
NODE,N0752,O,
NODE,N0753,O,
NODE,N0754,O,
NODE,N0755,O,
NODE,N0756,O,
NODE,N0757,O,
NODE,N0758,O,
NODE,N0759,O,
NODE,N0760,S,
NODE,N0761,O,
NODE,N0762,O,
NODE,N0763,O,
NODE,N0764,O,
NODE,N0765,O,
NODE,N0766,O,
NODE,N0767,D,
NODE,N0768,O,
NODE,N0769,O,
NODE,N0770,O,
NODE,N0771,O,
NODE,N0772,O,
NODE,N0773,O,
NODE,N0774,O,
NODE,N0775,O,
NODE,N0776,D,
NODE,N0777,D,
NODE,N0778,O,
NODE,N0779,O,
NODE,N0780,O,
NODE,N0781,O,
NODE,N0782,O,
NODE,N0783,O,
NODE,N0784,D,
NODE,N0785,S,
NODE,N0786,D,
NODE,N0787,O,
NODE,N0788,O,
NODE,N0789,D,
NODE,N0790,O,
NODE,N0791,O,
NODE,N0792,O,
NODE,N0793,O,
NODE,N0794,O,
NODE,N0795,O,
NODE,N0796,O,
NODE,N0797,O,
NODE,N0798,D,
NODE,N0799,O,
NODE,N0800,O,
NODE,N0801,D,
NODE,N0802,O,
NODE,N0803,O,
NODE,N0804,D,
NODE,N0805,D,
NODE,N0806,O,
NODE,N0807,O,
NODE,N0808,O,
NODE,N0809,O,
NODE,N0810,O,
NODE,N0811,O,
NODE,N0812,O,
NODE,N0813,O,
NODE,N0814,O,
NODE,N0815,O,
NODE,N0816,O,
NODE,N0817,D,
NODE,N0818,O,
NODE,N0819,D,
NODE,N0820,O,
NODE,N0821,O,
NODE,N0822,O,
NODE,N0823,O,
NODE,N0824,O,
NODE,N0825,O,
NODE,N0826,O,
NODE,N0827,O,
NODE,N0828,O,
NODE,N0829,O,
NODE,N0830,O,
NODE,N0831,O,
NODE,N0832,O,
NODE,N0833,D,
NODE,N0834,O,
NODE,N0835,O,
NODE,N0836,O,
NODE,N0837,O,
NODE,N0838,S,
NODE,N0839,O,
NODE,N0840,O,
NODE,N0841,O,
NODE,N0842,O,
NODE,N0843,D,
NODE,N0844,O,
NODE,N0845,O,
NODE,N0846,O,
NODE,N0847,O,
NODE,N0848,O,
NODE,N0849,O,
NODE,N0850,O,
NODE,N0851,O,
NODE,N0852,O,
NODE,N0853,O,
NODE,N0854,O,
NODE,N0855,O,
NODE,N0856,O,
NODE,N0857,O,
NODE,N0858,D,
NODE,N0859,O,
NODE,N0860,D,
NODE,N0861,O,
NODE,N0862,O,
NODE,N0863,O,
NODE,N0864,O,
NODE,N0865,O,
NODE,N0866,O,
NODE,N0867,O,
NODE,N0868,O,
NODE,N0869,O,
NODE,N0870,O,
NODE,N0871,O,
NODE,N0872,O,
NODE,N0873,O,
NODE,N0874,O,
NODE,N0875,O,
NODE,N0876,D,
NODE,N0877,O,
NODE,N0878,O,
NODE,N0879,O,
NODE,N0880,O,
NODE,N0881,O,
NODE,N0882,O,
NODE,N0883,O,
NODE,N0884,O,
NODE,N0885,O,
NODE,N0886,O,
NODE,N0887,O,
NODE,N0888,O,
NODE,N0889,O,
NODE,N0890,O,
NODE,N0891,O,
NODE,N0892,O,
NODE,N0893,O,
NODE,N0894,O,
NODE,N0895,O,
NODE,N0896,O,
NODE,N0897,O,
NODE,N0898,O,
NODE,N0899,O,
NODE,N0900,O,
NODE,N0901,O,
NODE,N0902,O,
NODE,N0903,O,
NODE,N0904,O,
NODE,N0905,O,
NODE,N0906,O,
NODE,N0907,O,
NODE,N0908,O,
NODE,N0909,O,
NODE,N0910,O,
NODE,N0911,O,
NODE,N0912,O,
NODE,N0913,O,
NODE,N0914,O,
NODE,N0915,O,
NODE,N0916,O,
NODE,N0917,O,
NODE,N0918,O,
NODE,N0919,O,
NODE,N0920,O,
NODE,N0921,O,
NODE,N0922,O,
NODE,N0923,D,
NODE,N0924,O,
NODE,N0925,O,
NODE,N0926,S,
NODE,N0927,O,
NODE,N0928,O,
NODE,N0929,O,
NODE,N0930,O,
NODE,N0931,O,
NODE,N0932,O,
NODE,N0933,O,
NODE,N0934,O,
NODE,N0935,D,
NODE,N0936,O,
NODE,N0937,O,
NODE,N0938,O,
NODE,N0939,O,
NODE,N0940,O,
NODE,N0941,O,
NODE,N0942,S,
NODE,N0943,O,
NODE,N0944,D,
NODE,N0945,O,
NODE,N0946,S,
NODE,N0947,O,
NODE,N0948,O,
NODE,N0949,O,
NODE,N0950,O,
NODE,N0951,O,
NODE,N0952,O,
NODE,N0953,O,
NODE,N0954,O,
NODE,N0955,O,
NODE,N0956,O,
NODE,N0957,D,
NODE,N0958,O,
NODE,N0959,O,
NODE,N0960,O,
NODE,N0961,O,
NODE,N0962,O,
NODE,N0963,O,
NODE,N0964,O,
NODE,N0965,O,
NODE,N0966,O,
NODE,N0967,O,
NODE,N0968,O,
NODE,N0969,O,
NODE,N0970,D,
NODE,N0971,O,
NODE,N0972,O,
NODE,N0973,O,
NODE,N0974,S,
NODE,N0975,O,
NODE,N0976,O,
NODE,N0977,O,
NODE,N0978,O,
NODE,N0979,O,
NODE,N0980,O,
NODE,N0981,O,
NODE,N0982,O,
NODE,N0983,O,
NODE,N0984,O,
NODE,N0985,O,
NODE,N0986,O,
NODE,N0987,O,
NODE,N0988,O,
NODE,N0989,O,
NODE,N0990,D,
NODE,N0991,O,
NODE,N0992,O,
NODE,N0993,O,
NODE,N0994,O,
NODE,N0995,O,
NODE,N0996,O,
NODE,N0997,O,
NODE,N0998,O,
NODE,N0999,O,
NODE,N1000,O,
E,N0001,N0002,33
E,N0002,N0003,59
E,N0003,N0004,41
E,N0004,N0005,53
E,N0005,N0006,14
E,N0006,N0007,21
E,N0007,N0008,37
E,N0008,N0009,5
E,N0009,N0010,11
E,N0010,N0011,42
E,N0011,N0012,32
E,N0012,N0013,17
E,N0013,N0014,14
E,N0014,N0015,16
E,N0015,N0016,59
E,N0016,N0017,48
E,N0017,N0018,20
E,N0018,N0019,51
E,N0019,N0020,25
E,N0020,N0021,21
E,N0021,N0022,48
E,N0022,N0023,13
E,N0023,N0024,51
E,N0024,N0025,45
E,N0025,N0026,25
E,N0026,N0027,52
E,N0027,N0028,28
E,N0028,N0029,14
E,N0029,N0030,30
E,N0030,N0031,19
E,N0031,N0032,43
E,N0032,N0033,53
E,N0033,N0034,33
E,N0034,N0035,55
E,N0035,N0036,16
E,N0036,N0037,9
E,N0037,N0038,37
E,N0038,N0039,14
E,N0039,N0040,20
E,N0040,N0041,47
E,N0041,N0042,31
E,N0042,N0043,25
E,N0043,N0044,56
E,N0044,N0045,50
E,N0045,N0046,56
E,N0046,N0047,60
E,N0047,N0048,48
E,N0048,N0049,46
E,N0049,N0050,42
E,N0050,N0051,40
E,N0051,N0052,19
E,N0052,N0053,5
E,N0053,N0054,53
E,N0054,N0055,27
E,N0055,N0056,51
E,N0056,N0057,50
E,N0057,N0058,38
E,N0058,N0059,27
E,N0059,N0060,28
E,N0060,N0061,38
E,N0061,N0062,35
E,N0062,N0063,25
E,N0063,N0064,21
E,N0064,N0065,9
E,N0065,N0066,14
E,N0066,N0067,24
E,N0067,N0068,51
E,N0068,N0069,37
E,N0069,N0070,34
E,N0070,N0071,44
E,N0071,N0072,32
E,N0072,N0073,44
E,N0073,N0074,44
E,N0074,N0075,31
E,N0075,N0076,26
E,N0076,N0077,26
E,N0077,N0078,12
E,N0078,N0079,54
E,N0079,N0080,45
E,N0080,N0081,20
E,N0081,N0082,60
E,N0082,N0083,43
E,N0083,N0084,14
E,N0084,N0085,21
E,N0085,N0086,60
E,N0086,N0087,12
E,N0087,N0088,26
E,N0088,N0089,19
E,N0089,N0090,52
E,N0090,N0091,14
E,N0091,N0092,36
E,N0092,N0093,46
E,N0093,N0094,16
E,N0094,N0095,49
E,N0095,N0096,37
E,N0096,N0097,45
E,N0097,N0098,9
E,N0098,N0099,11
E,N0099,N0100,16
E,N0100,N0101,21
E,N0101,N0102,27
E,N0102,N0103,58
E,N0103,N0104,55
E,N0104,N0105,44
E,N0105,N0106,8
E,N0106,N0107,59
E,N0107,N0108,57
E,N0108,N0109,5
E,N0109,N0110,42
E,N0110,N0111,12
E,N0111,N0112,56
E,N0112,N0113,48
E,N0113,N0114,42
E,N0114,N0115,43
E,N0115,N0116,26
E,N0116,N0117,53
E,N0117,N0118,24
E,N0118,N0119,19
E,N0119,N0120,48
E,N0120,N0121,21
E,N0121,N0122,43
E,N0122,N0123,22
E,N0123,N0124,17
E,N0124,N0125,45
E,N0125,N0126,8
E,N0126,N0127,46
E,N0127,N0128,30
E,N0128,N0129,40
E,N0129,N0130,42
E,N0130,N0131,32
E,N0131,N0132,50
E,N0132,N0133,54
E,N0133,N0134,23
E,N0134,N0135,40
E,N0135,N0136,22
E,N0136,N0137,47
E,N0137,N0138,25
E,N0138,N0139,17
E,N0139,N0140,22
E,N0140,N0141,34
E,N0141,N0142,45
E,N0142,N0143,45
E,N0143,N0144,47
E,N0144,N0145,8
E,N0145,N0146,27
E,N0146,N0147,6
E,N0147,N0148,53
E,N0148,N0149,39
E,N0149,N0150,52
E,N0150,N0151,57
E,N0151,N0152,50
E,N0152,N0153,42
E,N0153,N0154,34
E,N0154,N0155,40
E,N0155,N0156,14
E,N0156,N0157,49
E,N0157,N0158,50
E,N0158,N0159,45
E,N0159,N0160,11
E,N0160,N0161,58
E,N0161,N0162,47
E,N0162,N0163,57
E,N0163,N0164,30
E,N0164,N0165,30
E,N0165,N0166,27
E,N0166,N0167,31
E,N0167,N0168,8
E,N0168,N0169,10
E,N0169,N0170,59
E,N0170,N0171,54
E,N0171,N0172,23
E,N0172,N0173,10
E,N0173,N0174,56
E,N0174,N0175,11
E,N0175,N0176,38
E,N0176,N0177,32
E,N0177,N0178,36
E,N0178,N0179,39
E,N0179,N0180,28
E,N0180,N0181,10
E,N0181,N0182,21
E,N0182,N0183,12
E,N0183,N0184,26
E,N0184,N0185,50
E,N0185,N0186,28
E,N0186,N0187,53
E,N0187,N0188,38
E,N0188,N0189,6
E,N0189,N0190,57
E,N0190,N0191,58
E,N0191,N0192,13
E,N0192,N0193,39
E,N0193,N0194,49
E,N0194,N0195,34
E,N0195,N0196,24
E,N0196,N0197,12
E,N0197,N0198,27
E,N0198,N0199,21
E,N0199,N0200,21
E,N0200,N0201,12
E,N0201,N0202,48
E,N0202,N0203,36
E,N0203,N0204,5
E,N0204,N0205,51
E,N0205,N0206,44
E,N0206,N0207,53
E,N0207,N0208,25
E,N0208,N0209,24
E,N0209,N0210,46
E,N0210,N0211,21
E,N0211,N0212,7
E,N0212,N0213,5
E,N0213,N0214,47
E,N0214,N0215,5
E,N0215,N0216,51
E,N0216,N0217,24
E,N0217,N0218,24
E,N0218,N0219,47
E,N0219,N0220,32
E,N0220,N0221,7
E,N0221,N0222,15
E,N0222,N0223,59
E,N0223,N0224,51
E,N0224,N0225,28
E,N0225,N0226,39
E,N0226,N0227,26
E,N0227,N0228,43
E,N0228,N0229,27
E,N0229,N0230,46
E,N0230,N0231,13
E,N0231,N0232,59
E,N0232,N0233,13
E,N0233,N0234,14
E,N0234,N0235,44
E,N0235,N0236,57
E,N0236,N0237,20
E,N0237,N0238,21
E,N0238,N0239,6
E,N0239,N0240,47
E,N0240,N0241,36
E,N0241,N0242,35
E,N0242,N0243,35
E,N0243,N0244,16
E,N0244,N0245,17
E,N0245,N0246,20
E,N0246,N0247,44
E,N0247,N0248,55
E,N0248,N0249,11
E,N0249,N0250,31
E,N0250,N0251,51
E,N0251,N0252,22
E,N0252,N0253,14
E,N0253,N0254,12
E,N0254,N0255,48
E,N0255,N0256,22
E,N0256,N0257,57
E,N0257,N0258,22
E,N0258,N0259,20
E,N0259,N0260,8
E,N0260,N0261,31
E,N0261,N0262,57
E,N0262,N0263,38
E,N0263,N0264,40
E,N0264,N0265,13
E,N0265,N0266,29
E,N0266,N0267,46
E,N0267,N0268,45
E,N0268,N0269,50
E,N0269,N0270,18
E,N0270,N0271,18
E,N0271,N0272,7
E,N0272,N0273,37
E,N0273,N0274,57
E,N0274,N0275,12
E,N0275,N0276,25
E,N0276,N0277,60
E,N0277,N0278,36
E,N0278,N0279,23
E,N0279,N0280,30
E,N0280,N0281,5
E,N0281,N0282,8
E,N0282,N0283,24
E,N0283,N0284,13
E,N0284,N0285,6
E,N0285,N0286,18
E,N0286,N0287,27
E,N0287,N0288,14
E,N0288,N0289,22
E,N0289,N0290,23
E,N0290,N0291,57
E,N0291,N0292,55
E,N0292,N0293,45
E,N0293,N0294,5
E,N0294,N0295,13
E,N0295,N0296,9
E,N0296,N0297,13
E,N0297,N0298,49
E,N0298,N0299,5
E,N0299,N0300,13
E,N0300,N0301,18
E,N0301,N0302,14
E,N0302,N0303,36
E,N0303,N0304,53
E,N0304,N0305,44
E,N0305,N0306,42
E,N0306,N0307,14
E,N0307,N0308,11
E,N0308,N0309,40
E,N0309,N0310,8
E,N0310,N0311,18
E,N0311,N0312,53
E,N0312,N0313,47
E,N0313,N0314,40
E,N0314,N0315,14
E,N0315,N0316,48
E,N0316,N0317,12
E,N0317,N0318,9
E,N0318,N0319,54
E,N0319,N0320,25
E,N0320,N0321,18
E,N0321,N0322,45
E,N0322,N0323,28
E,N0323,N0324,13
E,N0324,N0325,25
E,N0325,N0326,41
E,N0326,N0327,50
E,N0327,N0328,31
E,N0328,N0329,36
E,N0329,N0330,20
E,N0330,N0331,15
E,N0331,N0332,25
E,N0332,N0333,60
E,N0333,N0334,40
E,N0334,N0335,17
E,N0335,N0336,44
E,N0336,N0337,19
E,N0337,N0338,24
E,N0338,N0339,39
E,N0339,N0340,18
E,N0340,N0341,24
E,N0341,N0342,25
E,N0342,N0343,55
E,N0343,N0344,45
E,N0344,N0345,15
E,N0345,N0346,41
E,N0346,N0347,34
E,N0347,N0348,28
E,N0348,N0349,32
E,N0349,N0350,7
E,N0350,N0351,45
E,N0351,N0352,16
E,N0352,N0353,47
E,N0353,N0354,13
E,N0354,N0355,12
E,N0355,N0356,45
E,N0356,N0357,17
E,N0357,N0358,53
E,N0358,N0359,8
E,N0359,N0360,57
E,N0360,N0361,26
E,N0361,N0362,24
E,N0362,N0363,46
E,N0363,N0364,13
E,N0364,N0365,41
E,N0365,N0366,49
E,N0366,N0367,39
E,N0367,N0368,18
E,N0368,N0369,35
E,N0369,N0370,37
E,N0370,N0371,31
E,N0371,N0372,34
E,N0372,N0373,44
E,N0373,N0374,45
E,N0374,N0375,12
E,N0375,N0376,30
E,N0376,N0377,54
E,N0377,N0378,57
E,N0378,N0379,25
E,N0379,N0380,33
E,N0380,N0381,13
E,N0381,N0382,57
E,N0382,N0383,12
E,N0383,N0384,27
E,N0384,N0385,16
E,N0385,N0386,55
E,N0386,N0387,58
E,N0387,N0388,12
E,N0388,N0389,45
E,N0389,N0390,46
E,N0390,N0391,42
E,N0391,N0392,26
E,N0392,N0393,11
E,N0393,N0394,42
E,N0394,N0395,6
E,N0395,N0396,46
E,N0396,N0397,5
E,N0397,N0398,21
E,N0398,N0399,10
E,N0399,N0400,58
E,N0400,N0401,60
E,N0401,N0402,51
E,N0402,N0403,24
E,N0403,N0404,48
E,N0404,N0405,51
E,N0405,N0406,53
E,N0406,N0407,47
E,N0407,N0408,57
E,N0408,N0409,23
E,N0409,N0410,25
E,N0410,N0411,13
E,N0411,N0412,5
E,N0412,N0413,34
E,N0413,N0414,38
E,N0414,N0415,9
E,N0415,N0416,51
E,N0416,N0417,41
E,N0417,N0418,18
E,N0418,N0419,43
E,N0419,N0420,7
E,N0420,N0421,26
E,N0421,N0422,46
E,N0422,N0423,13
E,N0423,N0424,39
E,N0424,N0425,50
E,N0425,N0426,38
E,N0426,N0427,27
E,N0427,N0428,47
E,N0428,N0429,45
E,N0429,N0430,46
E,N0430,N0431,26
E,N0431,N0432,40
E,N0432,N0433,21
E,N0433,N0434,17
E,N0434,N0435,44
E,N0435,N0436,52
E,N0436,N0437,12
E,N0437,N0438,12
E,N0438,N0439,34
E,N0439,N0440,50
E,N0440,N0441,16
E,N0441,N0442,42
E,N0442,N0443,8
E,N0443,N0444,52
E,N0444,N0445,38
E,N0445,N0446,24
E,N0446,N0447,60
E,N0447,N0448,56
E,N0448,N0449,46
E,N0449,N0450,56
E,N0450,N0451,11
E,N0451,N0452,14
E,N0452,N0453,49
E,N0453,N0454,18
E,N0454,N0455,25
E,N0455,N0456,16
E,N0456,N0457,52
E,N0457,N0458,37
E,N0458,N0459,32
E,N0459,N0460,58
E,N0460,N0461,16
E,N0461,N0462,30
E,N0462,N0463,36
E,N0463,N0464,12
E,N0464,N0465,23
E,N0465,N0466,53
E,N0466,N0467,53
E,N0467,N0468,55
E,N0468,N0469,17
E,N0469,N0470,15
E,N0470,N0471,17
E,N0471,N0472,42
E,N0472,N0473,45
E,N0473,N0474,46
E,N0474,N0475,8
E,N0475,N0476,32
E,N0476,N0477,7
E,N0477,N0478,50
E,N0478,N0479,13
E,N0479,N0480,45
E,N0480,N0481,24
E,N0481,N0482,14
E,N0482,N0483,12
E,N0483,N0484,11
E,N0484,N0485,31
E,N0485,N0486,53
E,N0486,N0487,36
E,N0487,N0488,42
E,N0488,N0489,32
E,N0489,N0490,35
E,N0490,N0491,37
E,N0491,N0492,13
E,N0492,N0493,55
E,N0493,N0494,24
E,N0494,N0495,23
E,N0495,N0496,15
E,N0496,N0497,28
E,N0497,N0498,22
E,N0498,N0499,8
E,N0499,N0500,48
E,N0500,N0501,43
E,N0501,N0502,38
E,N0502,N0503,41
E,N0503,N0504,10
E,N0504,N0505,27
E,N0505,N0506,58
E,N0506,N0507,24
E,N0507,N0508,20
E,N0508,N0509,33
E,N0509,N0510,33
E,N0510,N0511,23
E,N0511,N0512,40
E,N0512,N0513,48
E,N0513,N0514,19
E,N0514,N0515,15
E,N0515,N0516,58
E,N0516,N0517,33
E,N0517,N0518,55
E,N0518,N0519,20
E,N0519,N0520,47
E,N0520,N0521,17
E,N0521,N0522,48
E,N0522,N0523,15
E,N0523,N0524,22
E,N0524,N0525,7
E,N0525,N0526,60
E,N0526,N0527,22
E,N0527,N0528,21
E,N0528,N0529,7
E,N0529,N0530,56
E,N0530,N0531,46
E,N0531,N0532,18
E,N0532,N0533,24
E,N0533,N0534,31
E,N0534,N0535,13
E,N0535,N0536,7
E,N0536,N0537,24
E,N0537,N0538,11
E,N0538,N0539,22
E,N0539,N0540,57
E,N0540,N0541,24
E,N0541,N0542,59
E,N0542,N0543,45
E,N0543,N0544,55
E,N0544,N0545,25
E,N0545,N0546,27
E,N0546,N0547,33
E,N0547,N0548,12
E,N0548,N0549,54
E,N0549,N0550,46
E,N0550,N0551,57
E,N0551,N0552,36
E,N0552,N0553,38
E,N0553,N0554,38
E,N0554,N0555,15
E,N0555,N0556,35
E,N0556,N0557,28
E,N0557,N0558,32
E,N0558,N0559,10
E,N0559,N0560,13
E,N0560,N0561,32
E,N0561,N0562,48
E,N0562,N0563,26
E,N0563,N0564,38
E,N0564,N0565,42
E,N0565,N0566,41
E,N0566,N0567,57
E,N0567,N0568,12
E,N0568,N0569,48
E,N0569,N0570,23
E,N0570,N0571,31
E,N0571,N0572,40
E,N0572,N0573,42
E,N0573,N0574,28
E,N0574,N0575,16
E,N0575,N0576,28
E,N0576,N0577,59
E,N0577,N0578,34
E,N0578,N0579,19
E,N0579,N0580,56
E,N0580,N0581,27
E,N0581,N0582,48
E,N0582,N0583,5
E,N0583,N0584,37
E,N0584,N0585,30
E,N0585,N0586,11
E,N0586,N0587,31
E,N0587,N0588,42
E,N0588,N0589,14
E,N0589,N0590,48
E,N0590,N0591,8
E,N0591,N0592,30
E,N0592,N0593,50
E,N0593,N0594,25
E,N0594,N0595,44
E,N0595,N0596,54
E,N0596,N0597,58
E,N0597,N0598,29
E,N0598,N0599,46
E,N0599,N0600,32
E,N0600,N0601,43
E,N0601,N0602,48
E,N0602,N0603,33
E,N0603,N0604,36
E,N0604,N0605,37
E,N0605,N0606,18
E,N0606,N0607,60
E,N0607,N0608,7
E,N0608,N0609,40
E,N0609,N0610,21
E,N0610,N0611,20
E,N0611,N0612,38
E,N0612,N0613,5
E,N0613,N0614,8
E,N0614,N0615,34
E,N0615,N0616,58
E,N0616,N0617,52
E,N0617,N0618,47
E,N0618,N0619,41
E,N0619,N0620,7
E,N0620,N0621,12
E,N0621,N0622,59
E,N0622,N0623,19
E,N0623,N0624,9
E,N0624,N0625,39
E,N0625,N0626,21
E,N0626,N0627,26
E,N0627,N0628,35
E,N0628,N0629,35
E,N0629,N0630,7
E,N0630,N0631,55
E,N0631,N0632,27
E,N0632,N0633,56
E,N0633,N0634,34
E,N0634,N0635,51
E,N0635,N0636,48
E,N0636,N0637,13
E,N0637,N0638,30
E,N0638,N0639,20
E,N0639,N0640,13
E,N0640,N0641,30
E,N0641,N0642,21
E,N0642,N0643,17
E,N0643,N0644,31
E,N0644,N0645,39
E,N0645,N0646,34
E,N0646,N0647,10
E,N0647,N0648,30
E,N0648,N0649,52
E,N0649,N0650,39
E,N0650,N0651,17
E,N0651,N0652,28
E,N0652,N0653,42
E,N0653,N0654,36
E,N0654,N0655,31
E,N0655,N0656,21
E,N0656,N0657,41
E,N0657,N0658,38
E,N0658,N0659,20
E,N0659,N0660,53
E,N0660,N0661,40
E,N0661,N0662,37
E,N0662,N0663,20
E,N0663,N0664,29
E,N0664,N0665,21
E,N0665,N0666,30
E,N0666,N0667,17
E,N0667,N0668,32
E,N0668,N0669,35
E,N0669,N0670,48
E,N0670,N0671,39
E,N0671,N0672,47
E,N0672,N0673,7
E,N0673,N0674,30
E,N0674,N0675,48
E,N0675,N0676,16
E,N0676,N0677,7
E,N0677,N0678,49
E,N0678,N0679,53
E,N0679,N0680,33
E,N0680,N0681,15
E,N0681,N0682,44
E,N0682,N0683,29
E,N0683,N0684,31
E,N0684,N0685,5
E,N0685,N0686,16
E,N0686,N0687,57
E,N0687,N0688,7
E,N0688,N0689,39
E,N0689,N0690,39
E,N0690,N0691,12
E,N0691,N0692,8
E,N0692,N0693,25
E,N0693,N0694,25
E,N0694,N0695,7
E,N0695,N0696,16
E,N0696,N0697,42
E,N0697,N0698,24
E,N0698,N0699,49
E,N0699,N0700,37
E,N0700,N0701,17
E,N0701,N0702,39
E,N0702,N0703,24
E,N0703,N0704,26
E,N0704,N0705,35
E,N0705,N0706,55
E,N0706,N0707,60
E,N0707,N0708,23
E,N0708,N0709,43
E,N0709,N0710,22
E,N0710,N0711,38
E,N0711,N0712,56
E,N0712,N0713,11
E,N0713,N0714,40
E,N0714,N0715,23
E,N0715,N0716,29
E,N0716,N0717,43
E,N0717,N0718,48
E,N0718,N0719,45
E,N0719,N0720,26
E,N0720,N0721,42
E,N0721,N0722,24
E,N0722,N0723,13
E,N0723,N0724,32
E,N0724,N0725,16
E,N0725,N0726,32
E,N0726,N0727,24
E,N0727,N0728,20
E,N0728,N0729,36
E,N0729,N0730,56
E,N0730,N0731,48
E,N0731,N0732,48
E,N0732,N0733,26
E,N0733,N0734,34
E,N0734,N0735,44
E,N0735,N0736,9
E,N0736,N0737,27
E,N0737,N0738,9
E,N0738,N0739,35
E,N0739,N0740,56
E,N0740,N0741,27
E,N0741,N0742,15
E,N0742,N0743,53
E,N0743,N0744,57
E,N0744,N0745,13
E,N0745,N0746,27
E,N0746,N0747,53
E,N0747,N0748,42
E,N0748,N0749,9
E,N0749,N0750,19
E,N0750,N0751,46
E,N0751,N0752,31
E,N0752,N0753,43
E,N0753,N0754,18
E,N0754,N0755,40
E,N0755,N0756,60
E,N0756,N0757,9
E,N0757,N0758,58
E,N0758,N0759,50
E,N0759,N0760,14
E,N0760,N0761,37
E,N0761,N0762,12
E,N0762,N0763,8
E,N0763,N0764,12
E,N0764,N0765,43
E,N0765,N0766,25
E,N0766,N0767,5
E,N0767,N0768,12
E,N0768,N0769,5
E,N0769,N0770,40
E,N0770,N0771,15
E,N0771,N0772,11
E,N0772,N0773,42
E,N0773,N0774,18
E,N0774,N0775,29
E,N0775,N0776,33
E,N0776,N0777,16
E,N0777,N0778,32
E,N0778,N0779,18
E,N0779,N0780,8
E,N0780,N0781,35
E,N0781,N0782,20
E,N0782,N0783,38
E,N0783,N0784,36
E,N0784,N0785,56
E,N0785,N0786,27
E,N0786,N0787,26
E,N0787,N0788,6
E,N0788,N0789,18
E,N0789,N0790,28
E,N0790,N0791,28
E,N0791,N0792,56
E,N0792,N0793,5
E,N0793,N0794,18
E,N0794,N0795,5
E,N0795,N0796,32
E,N0796,N0797,46
E,N0797,N0798,11
E,N0798,N0799,57
E,N0799,N0800,26
E,N0800,N0801,13
E,N0801,N0802,56
E,N0802,N0803,43
E,N0803,N0804,52
E,N0804,N0805,25
E,N0805,N0806,28
E,N0806,N0807,40
E,N0807,N0808,33
E,N0808,N0809,43
E,N0809,N0810,22
E,N0810,N0811,28
E,N0811,N0812,12
E,N0812,N0813,21
E,N0813,N0814,59
E,N0814,N0815,14
E,N0815,N0816,43
E,N0816,N0817,59
E,N0817,N0818,30
E,N0818,N0819,22
E,N0819,N0820,31
E,N0820,N0821,19
E,N0821,N0822,38
E,N0822,N0823,8
E,N0823,N0824,11
E,N0824,N0825,16
E,N0825,N0826,39
E,N0826,N0827,50
E,N0827,N0828,33
E,N0828,N0829,30
E,N0829,N0830,47
E,N0830,N0831,49
E,N0831,N0832,54
E,N0832,N0833,26
E,N0833,N0834,13
E,N0834,N0835,43
E,N0835,N0836,41
E,N0836,N0837,32
E,N0837,N0838,15
E,N0838,N0839,39
E,N0839,N0840,52
E,N0840,N0841,58
E,N0841,N0842,30
E,N0842,N0843,6
E,N0843,N0844,52
E,N0844,N0845,36
E,N0845,N0846,42
E,N0846,N0847,7
E,N0847,N0848,35
E,N0848,N0849,40
E,N0849,N0850,39
E,N0850,N0851,44
E,N0851,N0852,9
E,N0852,N0853,14
E,N0853,N0854,12
E,N0854,N0855,24
E,N0855,N0856,16
E,N0856,N0857,24
E,N0857,N0858,54
E,N0858,N0859,54
E,N0859,N0860,48
E,N0860,N0861,21
E,N0861,N0862,29
E,N0862,N0863,24
E,N0863,N0864,60
E,N0864,N0865,58
E,N0865,N0866,9
E,N0866,N0867,13
E,N0867,N0868,40
E,N0868,N0869,20
E,N0869,N0870,13
E,N0870,N0871,27
E,N0871,N0872,35
E,N0872,N0873,10
E,N0873,N0874,46
E,N0874,N0875,59
E,N0875,N0876,36
E,N0876,N0877,53
E,N0877,N0878,32
E,N0878,N0879,36
E,N0879,N0880,53
E,N0880,N0881,45
E,N0881,N0882,55
E,N0882,N0883,60
E,N0883,N0884,57
E,N0884,N0885,9
E,N0885,N0886,5
E,N0886,N0887,19
E,N0887,N0888,10
E,N0888,N0889,34
E,N0889,N0890,42
E,N0890,N0891,49
E,N0891,N0892,12
E,N0892,N0893,53
E,N0893,N0894,57
E,N0894,N0895,19
E,N0895,N0896,58
E,N0896,N0897,7
E,N0897,N0898,28
E,N0898,N0899,31
E,N0899,N0900,51
E,N0900,N0901,50
E,N0901,N0902,24
E,N0902,N0903,60
E,N0903,N0904,47
E,N0904,N0905,5
E,N0905,N0906,56
E,N0906,N0907,8
E,N0907,N0908,35
E,N0908,N0909,39
E,N0909,N0910,5
E,N0910,N0911,35
E,N0911,N0912,7
E,N0912,N0913,34
E,N0913,N0914,10
E,N0914,N0915,41
E,N0915,N0916,47
E,N0916,N0917,13
E,N0917,N0918,5
E,N0918,N0919,17
E,N0919,N0920,58
E,N0920,N0921,36
E,N0921,N0922,52
E,N0922,N0923,30
E,N0923,N0924,36
E,N0924,N0925,38
E,N0925,N0926,43
E,N0926,N0927,14
E,N0927,N0928,35
E,N0928,N0929,12
E,N0929,N0930,10
E,N0930,N0931,20
E,N0931,N0932,53
E,N0932,N0933,7
E,N0933,N0934,21
E,N0934,N0935,56
E,N0935,N0936,18
E,N0936,N0937,32
E,N0937,N0938,15
E,N0938,N0939,31
E,N0939,N0940,45
E,N0940,N0941,5
E,N0941,N0942,29
E,N0942,N0943,9
E,N0943,N0944,30
E,N0944,N0945,8
E,N0945,N0946,23
E,N0946,N0947,44
E,N0947,N0948,40
E,N0948,N0949,37
E,N0949,N0950,44
E,N0950,N0951,16
E,N0951,N0952,16
E,N0952,N0953,55
E,N0953,N0954,10
E,N0954,N0955,29
E,N0955,N0956,60
E,N0956,N0957,11
E,N0957,N0958,21
E,N0958,N0959,58
E,N0959,N0960,38
E,N0960,N0961,44
E,N0961,N0962,11
E,N0962,N0963,18
E,N0963,N0964,19
E,N0964,N0965,43
E,N0965,N0966,32
E,N0966,N0967,18
E,N0967,N0968,30
E,N0968,N0969,43
E,N0969,N0970,28
E,N0970,N0971,15
E,N0971,N0972,47
E,N0972,N0973,40
E,N0973,N0974,52
E,N0974,N0975,23
E,N0975,N0976,44
E,N0976,N0977,55
E,N0977,N0978,43
E,N0978,N0979,24
E,N0979,N0980,5
E,N0980,N0981,49
E,N0981,N0982,7
E,N0982,N0983,54
E,N0983,N0984,19
E,N0984,N0985,21
E,N0985,N0986,13
E,N0986,N0987,15
E,N0987,N0988,45
E,N0988,N0989,55
E,N0989,N0990,35
E,N0990,N0991,34
E,N0991,N0992,33
E,N0992,N0993,25
E,N0993,N0994,14
E,N0994,N0995,21
E,N0995,N0996,16
E,N0996,N0997,45
E,N0997,N0998,36
E,N0998,N0999,51
E,N0999,N1000,46
E,N0657,N0300,61
E,N0127,N0798,40
E,N0897,N0084,39
E,N0106,N0169,73
E,N0928,N0231,115
E,N0091,N0231,102
E,N0573,N0726,113
E,N0345,N0039,82
E,N0164,N0732,83
E,N0548,N0928,55
E,N0405,N0148,65
E,N0328,N0153,80
E,N0746,N0967,29
E,N0709,N0508,95
E,N0294,N0250,12
E,N0877,N0977,23
E,N0017,N0001,30
E,N0739,N0620,44
E,N0892,N0177,53
E,N0761,N0177,8
E,N0010,N0642,16
E,N0737,N0710,96
E,N0735,N0581,62
E,N0041,N0240,84
E,N0266,N0528,107
E,N0125,N0193,3
E,N0623,N0903,27
E,N0176,N0477,64
E,N0993,N0130,68
E,N0129,N0543,29
E,N0988,N0435,23
E,N0243,N0489,49
E,N0167,N0200,101
E,N0119,N0827,36
E,N0921,N0839,65
E,N0962,N0706,30
E,N0680,N0028,42
E,N0282,N0066,45
E,N0875,N0566,56
E,N0961,N0030,40
E,N0769,N0936,105
E,N0621,N0697,46
E,N0091,N0201,100
E,N0390,N0556,74
E,N0328,N0133,119
E,N0158,N0456,14
E,N0374,N0971,23
E,N0461,N0132,45
E,N0340,N0305,102
E,N0006,N0254,112
E,N0285,N0177,26
E,N0110,N0218,53
E,N0584,N0257,105
E,N0114,N0374,86
E,N0762,N0033,52
E,N0192,N0639,107
E,N0718,N0854,118
E,N0246,N0506,88
E,N0591,N0276,20
E,N0321,N0142,4
E,N0338,N0120,87
E,N0785,N0881,101
E,N0767,N0995,12
E,N0767,N0670,83
E,N0701,N0016,114
E,N0201,N0211,38
E,N0108,N0391,82
E,N0925,N0168,6
E,N0503,N0032,119
E,N0133,N0209,44
E,N0640,N0779,8
E,N0865,N0652,117
E,N0604,N0826,40
E,N0665,N0922,7
E,N0823,N0944,101
E,N0867,N0733,8
E,N0290,N0514,109
E,N0408,N0468,95
E,N0342,N0234,76
E,N0021,N0892,75
E,N0854,N0658,38
E,N0982,N0430,85
E,N0963,N0711,77
E,N0868,N0979,79
E,N0168,N0013,9
E,N0726,N0044,108
E,N0961,N0378,70
E,N0814,N0892,25
E,N0066,N0929,27
E,N0006,N0501,68
E,N0257,N0328,65
E,N0788,N0770,61
E,N0598,N0932,58
E,N0333,N0953,60
E,N0588,N0299,79
E,N0470,N0578,15
E,N0122,N0966,107
E,N0203,N0164,120
E,N0285,N0766,69
E,N0788,N0171,38
E,N0536,N0831,84
E,N0366,N0915,13
E,N0058,N0795,10
E,N0618,N0530,13
E,N0291,N0745,5
E,N0797,N0812,95
E,N0788,N0271,79
E,N0807,N0699,27
E,N0803,N0855,99
E,N0997,N0263,91
E,N0639,N0511,99
E,N0696,N0282,49
E,N0059,N0043,116
E,N0457,N0849,27
E,N0827,N0418,17
E,N0352,N0977,72
E,N0201,N0719,94
E,N0747,N0447,78
E,N0776,N0555,89
E,N0756,N0302,81
E,N0089,N0714,108
E,N0764,N0363,32
E,N0565,N0561,67
E,N0362,N0320,93
E,N0619,N0076,100
E,N0648,N0062,59
E,N0636,N0598,116
E,N0098,N0708,29
E,N0161,N0902,78
E,N0348,N0415,120
E,N0153,N0781,60
E,N0308,N0983,3
E,N0006,N0845,65
E,N0701,N0135,39
E,N0556,N0758,87
E,N0684,N0532,38
E,N0639,N0305,81
E,N0852,N0411,71
E,N0802,N0597,63
E,N0793,N0353,71
E,N0976,N0315,33
E,N0229,N0654,23
E,N0784,N0025,82
E,N0462,N0591,29
E,N0495,N0379,89
E,N0796,N0331,51
E,N0010,N0547,73
E,N0497,N0660,105
E,N0966,N0007,17
E,N0282,N0370,54
E,N0157,N0258,102
E,N0111,N0213,31
E,N0530,N0336,5
E,N0405,N0637,110
E,N0307,N0328,44
E,N0878,N0690,90
E,N0204,N0334,72
E,N0272,N0928,59
E,N0049,N0734,74
E,N0272,N0246,112
E,N0621,N0734,9
E,N0285,N0162,92
E,N0622,N0034,107
E,N0785,N0075,36
E,N0658,N0884,85
E,N0985,N0391,115
E,N0944,N0727,96
E,N0451,N0349,7
E,N0497,N0310,78
E,N0077,N0623,4
E,N0541,N0834,99
E,N0626,N0489,81
E,N0337,N0632,6
E,N0530,N0101,47
E,N0533,N0382,66
E,N0404,N0612,59
E,N0532,N0643,32
E,N0694,N0669,92
E,N0605,N0028,5
E,N0541,N0579,52
E,N0288,N0087,55
E,N0059,N0623,12
E,N0471,N0730,51
E,N0255,N0644,7
E,N0089,N0717,13
E,N0023,N0064,13
E,N0125,N0122,32
E,N0629,N0176,31
E,N0217,N0708,43
E,N0884,N0462,115
E,N0027,N0623,49
E,N0745,N0321,51
E,N0733,N0117,111
E,N0928,N0608,26
E,N0622,N0436,75
E,N0904,N0947,15
E,N0344,N0645,94
E,N0968,N0392,34
E,N0838,N0306,78
E,N0209,N0612,80
E,N0936,N0954,90
E,N0382,N0565,66
E,N0955,N0440,82
E,N0732,N0124,92
E,N0803,N0690,37
E,N0281,N0713,88
E,N0705,N0610,94
E,N0291,N0878,61
E,N0106,N0443,102
E,N0455,N0074,37
E,N0294,N0344,29
E,N0730,N0164,76
E,N0915,N0093,74
E,N0384,N0348,13
E,N0226,N0285,4
E,N0832,N0504,13
E,N0682,N0245,69
E,N0769,N0621,111
E,N0536,N0628,46
E,N0143,N0033,43
E,N0673,N0568,7
E,N0453,N0543,65
E,N0370,N0915,62
E,N0646,N0429,45
E,N0731,N0332,54
E,N0417,N0420,4
E,N0939,N0870,17
E,N0572,N0165,50
E,N0259,N0184,75
E,N0480,N0407,84
E,N0032,N0216,3
E,N0613,N0383,41
E,N0385,N0117,34
E,N0569,N0225,29
E,N0443,N0851,95
E,N0011,N0531,59
E,N0617,N0854,99
E,N0977,N0406,87
E,N0863,N0767,74
E,N0911,N0814,59
E,N0417,N0688,35
E,N0560,N0261,107
E,N0673,N0723,42
E,N0769,N0221,83
E,N0842,N0045,32
E,N0443,N0910,53
E,N0440,N0594,55
E,N0761,N0399,14
E,N0283,N0741,10
E,N0098,N0772,104
E,N0732,N0106,104
E,N0434,N0629,102
E,N0501,N0265,114
E,N0458,N0142,40
E,N0167,N0563,88
E,N0604,N0542,42
E,N0427,N0463,63
E,N0284,N0085,48
E,N0175,N0451,22
E,N0348,N0987,83
E,N0163,N0558,76
E,N0199,N0462,78
E,N0314,N0891,80
E,N0447,N0848,17
E,N0672,N0917,81
E,N0862,N0004,58
E,N0683,N0408,56
E,N0995,N0103,113
E,N0516,N0422,106
E,N0997,N0207,26
E,N0730,N0002,103
E,N0730,N0339,99
E,N0876,N0751,32
E,N0991,N0607,50
E,N0935,N0560,44
E,N0291,N0272,58
E,N0193,N0884,80
E,N0496,N0619,48
E,N0510,N0432,20
E,N0464,N0308,33
E,N0686,N0644,4
E,N0955,N0510,78
E,N0019,N0627,37
E,N0572,N0241,21
E,N0914,N0304,111
E,N0554,N0759,17
E,N0410,N0748,69
E,N0163,N0710,26
E,N0469,N0604,106
E,N0352,N0201,76
E,N0512,N0427,25
E,N0972,N0235,19
E,N0046,N0471,37
E,N0299,N0499,109
E,N0475,N0921,11
E,N0583,N0448,72
E,N0508,N0174,53
E,N0574,N0799,42
E,N0075,N0896,109
E,N0763,N0264,32
E,N0247,N0500,13
E,N0788,N0712,29
E,N0567,N0435,48
E,N0082,N0925,39
E,N0462,N0476,34
E,N0888,N0008,87
E,N0360,N0455,102
E,N0600,N0172,70
E,N0402,N0229,66
E,N0592,N0031,69
E,N0430,N0121,116
E,N0836,N0255,65
E,N0569,N0233,53
E,N0921,N0789,80
E,N0971,N0171,12
E,N0915,N0077,12
E,N0421,N0434,55
E,N0888,N0854,4
E,N0193,N0820,51
E,N0696,N0812,51
E,N0498,N0477,51
E,N0536,N0674,116
E,N0523,N0312,35
E,N0373,N0980,79
E,N0662,N0986,40
E,N0282,N0046,96
E,N0489,N0756,81
E,N0952,N0223,26
E,N0470,N0631,120
E,N0240,N0500,114
E,N0646,N0313,93
E,N0416,N0036,27
E,N0951,N0632,27
E,N0023,N0319,61
E,N0426,N0320,20
E,N0551,N0594,18
E,N0457,N0514,59
E,N0484,N0761,119
E,N0592,N0656,104
E,N0054,N0712,29
E,N0051,N0591,59
E,N0337,N0429,26
E,N0431,N0951,113
E,N0487,N0441,11
E,N0235,N0788,66
E,N0215,N0150,4
E,N0969,N0460,107
E,N0032,N0980,51
E,N0210,N0671,112
E,N0449,N0433,93
E,N0119,N0312,75
E,N0983,N0008,76
E,N0658,N0445,62
E,N0767,N0419,88
E,N0788,N0592,87
E,N0066,N0341,107
E,N0585,N0239,9
E,N0451,N0287,21
E,N0596,N0582,57
E,N0892,N0156,42
E,N0393,N0105,52
E,N0646,N0011,42
E,N0463,N0557,34
E,N0937,N0506,27
E,N0337,N0338,84
E,N0209,N0054,108
E,N0217,N0135,65
E,N0848,N0378,63
E,N0764,N0271,33
E,N0841,N0672,89
E,N0422,N0287,36
E,N0262,N0280,96
E,N0929,N0273,53
E,N0360,N0135,26
E,N0754,N0302,13
E,N0177,N0608,41
E,N0387,N0552,93
E,N0084,N0978,39
E,N0095,N0125,64
E,N0931,N0030,87
E,N0981,N0126,45
E,N0615,N0748,78
E,N0655,N0507,59
E,N0920,N0022,56
E,N0413,N0067,66
E,N0101,N0097,57
E,N0032,N0607,33
E,N0255,N0198,23
E,N0272,N0967,17
E,N0362,N0157,22
E,N0379,N0239,61
E,N0951,N0953,67
E,N0554,N0962,96
E,N0079,N0596,72
E,N0592,N0412,50
E,N0036,N0897,5
E,N0823,N0979,34
E,N0674,N0954,7
E,N0202,N0534,21
E,N0283,N0400,7
E,N0918,N0544,27
E,N0563,N0695,67
E,N0369,N0246,6
E,N0224,N0484,75
E,N0666,N0486,42
E,N0391,N0873,65
E,N0423,N0977,108
E,N0625,N0017,89
E,N0169,N0239,50
E,N0551,N0214,87
E,N0293,N0285,49
E,N0442,N0438,7
E,N0821,N0660,46
E,N0278,N0861,31
E,N0199,N0590,72
E,N0161,N0192,12
E,N0004,N0753,72
E,N0173,N0623,120
E,N0624,N0731,77
E,N0542,N0681,116
E,N0672,N0462,91
E,N0571,N0246,90
E,N0066,N0993,35
E,N0725,N0421,100
E,N0136,N0258,104
E,N0796,N0612,14
E,N0432,N0918,59
E,N0453,N0141,12
E,N0144,N0667,11
E,N0326,N0962,22
E,N0539,N0585,6
E,N0744,N0503,19
E,N0720,N0939,113
E,N0927,N0593,44
E,N0934,N0334,79
E,N0312,N0221,50
E,N0924,N0194,114
E,N0394,N0375,75
E,N0976,N0927,62
E,N0386,N0678,32
E,N0574,N0182,6
E,N0720,N0147,38
E,N0961,N0084,89
E,N0377,N0896,35
E,N0395,N0581,100
E,N0152,N0976,78
E,N0038,N0070,9
E,N0566,N0190,5
E,N0443,N0389,12
E,N0655,N0845,89
E,N0339,N0069,107
E,N0470,N0202,33
E,N0650,N0810,71
E,N0572,N0264,32
E,N0083,N0740,75
E,N0747,N0140,115
E,N0522,N0057,9
E,N0667,N0085,63
E,N0686,N0418,94
E,N0821,N0141,102
E,N0613,N0623,13
E,N0338,N0965,73
E,N0204,N0815,67
E,N0070,N0617,98
E,N0982,N0195,27
E,N0146,N0455,62
E,N0046,N0617,58
E,N0906,N0291,58
E,N0755,N0853,44
E,N0765,N0322,105
E,N0176,N0777,83
E,N0115,N0583,41
E,N0431,N0544,48
E,N0291,N0679,92
E,N0468,N0218,89
E,N0560,N0413,56
E,N0436,N0498,19
E,N0881,N0757,22
E,N0249,N0469,67
E,N0450,N0811,106
E,N0127,N0857,30
E,N0407,N0978,58
E,N0221,N0434,9
E,N0196,N0742,66
E,N0714,N0398,95
E,N0392,N0081,62
E,N0379,N0995,100
E,N0066,N0087,108
E,N0036,N0973,50
E,N0471,N0621,27
E,N0269,N0425,53
E,N0291,N0536,49
E,N0231,N0579,70
E,N0998,N0382,47
E,N0425,N0366,49
E,N0504,N0169,23
E,N0246,N0481,65
E,N0618,N0565,63
E,N0213,N0668,81
E,N0511,N0089,87
E,N0720,N0383,26
E,N0045,N0164,34
E,N0350,N0267,31
E,N0745,N0356,18
E,N0998,N0363,115
E,N0467,N0443,103
E,N0058,N0411,84
E,N0411,N0674,84
E,N0748,N0621,15
E,N0438,N0040,97
E,N0414,N0471,32
E,N0085,N0289,111
E,N0745,N0282,37
E,N0985,N0055,116
E,N0171,N0370,18
E,N0984,N0130,8
E,N0750,N0396,84
E,N0470,N0008,6
E,N0888,N0478,24
E,N0148,N0817,31
E,N0706,N0208,115
E,N0908,N0830,6
E,N0337,N0905,4
E,N0844,N0511,102
E,N0614,N0984,88
E,N0311,N0359,77
E,N0606,N0426,16
E,N0078,N0312,16
E,N0791,N0400,41
E,N0034,N0338,100
E,N0509,N0860,94
E,N0379,N0517,93
E,N0288,N0413,44
E,N0293,N0263,105
E,N0501,N0896,69
E,N0604,N0809,53
E,N0580,N0031,116
E,N0294,N0783,51
E,N0764,N0441,9
E,N0508,N0658,89
E,N0553,N0243,28
E,N0415,N0737,3
E,N0237,N0222,46
E,N0831,N0210,89
E,N0836,N0395,81
E,N0162,N0199,27
E,N0410,N0057,90
E,N0123,N0285,30
E,N0982,N0347,110
E,N0594,N0079,105
E,N0582,N0776,3
E,N0352,N0332,94
E,N0598,N0379,11
E,N0005,N0562,38
E,N0148,N0390,99
E,N0730,N0475,48
E,N0490,N0198,65
E,N0089,N0139,61
E,N0272,N0506,80
E,N0243,N0801,107
E,N0649,N0443,40
E,N0759,N0196,23
E,N0743,N0919,4
E,N0673,N0575,35
E,N0149,N0677,77
E,N0219,N0545,58
E,N0059,N0320,109
E,N0899,N0467,12
E,N0978,N0933,66
E,N0541,N0640,55
E,N0670,N0902,105
E,N0577,N0158,107
E,N0221,N0289,98
E,N0915,N0739,68
E,N0401,N0143,19
E,N0631,N0662,12
E,N0420,N0748,81
E,N0541,N0548,100
E,N0997,N0405,20
E,N0940,N0137,84
E,N0954,N0884,78
E,N0102,N0121,107
E,N0291,N0797,98
E,N0075,N0491,82
E,N0677,N0982,15
E,N0840,N0596,31
E,N0694,N0093,102
E,N0381,N0799,120
E,N0773,N0041,26
E,N0009,N0710,94
E,N0117,N0695,79
E,N0188,N0504,106
E,N0130,N0840,84
E,N0038,N0233,25
E,N0894,N0600,46
E,N0016,N0724,41
E,N0721,N0305,88
E,N0732,N0117,81
E,N0479,N0265,88
E,N0967,N0870,69
E,N0929,N0451,55
E,N0844,N0216,30
E,N0881,N0548,47
E,N0479,N0360,61
E,N0887,N0984,52
E,N0570,N0451,89
E,N0672,N0722,101
E,N0662,N0614,67
E,N0260,N0724,8
E,N0570,N0592,42
E,N0325,N0862,71
E,N0840,N0210,109
E,N0462,N0353,32
E,N0494,N0896,53
E,N0350,N0090,61
E,N0670,N0056,64
E,N0402,N0657,34
E,N0994,N0857,66
E,N0931,N0583,113
E,N0724,N0214,30
E,N0050,N0250,90
E,N0015,N0638,62
E,N0419,N0114,34
E,N0460,N0044,69
E,N0653,N0964,89
E,N0387,N0153,92
E,N0909,N0242,60
E,N0012,N0752,5
E,N0708,N0951,53
E,N0667,N0772,9
E,N0904,N0907,46
E,N0582,N0438,25
E,N0084,N0866,73
E,N0498,N0623,69
E,N0435,N0064,77
E,N0034,N0727,56
E,N0550,N0982,61
E,N0077,N0775,43
E,N0139,N0931,89
E,N0236,N0515,109
E,N0656,N0154,19
E,N0203,N0064,3
E,N0311,N0410,41
E,N0055,N0918,84
E,N0857,N0101,51
E,N0849,N0799,80
E,N0260,N0366,63
E,N0753,N0058,68
E,N0802,N0997,78
E,N0372,N0914,20
E,N0173,N0626,105
E,N0332,N0244,96
E,N0369,N0328,33
E,N0891,N0358,29
E,N0124,N0463,67
E,N0398,N0762,103
E,N0633,N0827,23
E,N0964,N0403,91
E,N0715,N0812,87
E,N0861,N0025,19
E,N0470,N0603,3
E,N0973,N0241,84
E,N0601,N0343,10
E,N0272,N0438,23
E,N0768,N0122,86
E,N0945,N0877,64
E,N0174,N0966,10
E,N0902,N0597,42
E,N0689,N0979,13
E,N0890,N0681,22
E,N0634,N0548,36
E,N0234,N0242,110
E,N0998,N0224,106
E,N0516,N0755,6
E,N0899,N0087,68
E,N0067,N0671,57
E,N0865,N0148,91
E,N0644,N0479,52
E,N0058,N0934,120
E,N0901,N0486,112
E,N0113,N0799,84
E,N0909,N0521,77
E,N0705,N0260,68
E,N0446,N0640,72
E,N0822,N0519,115
E,N0622,N0413,45
E,N0642,N0868,44
E,N0931,N0553,8
E,N0422,N0784,38
E,N0137,N0816,88
E,N0048,N0824,61
E,N0939,N0651,41
E,N0294,N0701,83
E,N0462,N0723,106
E,N0659,N0495,24
E,N0915,N0630,29
E,N0669,N0560,46
E,N0733,N0922,67
E,N0092,N0839,60
E,N0914,N0015,83
E,N0274,N0124,19
E,N0329,N0258,5
E,N0660,N0461,113
E,N0061,N0362,30
E,N0952,N0034,31
E,N0982,N0419,86
E,N0451,N0453,82
E,N0127,N0115,7
E,N0963,N0117,76
E,N0754,N0543,10
E,N0966,N0528,117
E,N0953,N0599,40
E,N0896,N0101,22
E,N0806,N0167,20
E,N0437,N0393,51
E,N0877,N0519,55
E,N0918,N0162,79
E,N0820,N0957,100
E,N0803,N0821,99
E,N0945,N0194,67
E,N0452,N0888,99
E,N0288,N0832,32
E,N0311,N0164,47
E,N0433,N0980,70
E,N0138,N0467,47
E,N0266,N0922,40
E,N0136,N0121,118
E,N0137,N0091,108
E,N0890,N0213,109
E,N0903,N0287,33
E,N0299,N0571,82
E,N0292,N0583,71
E,N0217,N0643,49
E,N0945,N0643,84
E,N0481,N0317,23
E,N0070,N0341,101
E,N0966,N0386,109
E,N0409,N0792,17
E,N0238,N0100,83
E,N0788,N0746,67
E,N0926,N0969,74
E,N0826,N0927,34
E,N0081,N0488,6
E,N0015,N0504,82
E,N0246,N0101,52
E,N0987,N0831,117
E,N0009,N0108,41
E,N0367,N0183,42
E,N0887,N0680,61
E,N0493,N0645,99
E,N0434,N0405,93
E,N0985,N0147,94
E,N0968,N0681,67
E,N0150,N0776,119
E,N0839,N0721,115
E,N0256,N0120,113
E,N0262,N0942,43
E,N0347,N0808,104
E,N0945,N0157,56
E,N0525,N0838,22
E,N0684,N0703,92
E,N0101,N0724,16
E,N0947,N0575,13
E,N0396,N0720,47
E,N0451,N0640,44
E,N0140,N0340,36
E,N0734,N0446,79
E,N0168,N0539,12
E,N0119,N0928,62
E,N0342,N0393,45
E,N0941,N0935,53
E,N0981,N0329,35
E,N0285,N0877,45
E,N0484,N0165,82
E,N0302,N0370,9
E,N0849,N0542,15
E,N0222,N0682,66
E,N0159,N0755,11
E,N0134,N0031,5
E,N0337,N0961,67
E,N0676,N0161,109
E,N0757,N0715,64
E,N0371,N0168,66
E,N0428,N0812,91
E,N0371,N0545,48
E,N0910,N0132,10
E,N0123,N0961,65
E,N0102,N0114,93
E,N0851,N0165,46
E,N0271,N0157,13
E,N0089,N0839,94
E,N0204,N0283,61
E,N0972,N0471,57
E,N0488,N0359,107
E,N0257,N0549,66
E,N0456,N0219,72
E,N0729,N0062,36
E,N0401,N0398,75
E,N0035,N0990,79
E,N0143,N0270,47
E,N0844,N0570,96
E,N0525,N0619,119
E,N0121,N0262,10
E,N0389,N0932,41
E,N0144,N0581,119
E,N0112,N0010,31
E,N0985,N0933,18
E,N0660,N0323,95
E,N0946,N0268,73
E,N0483,N0521,26
E,N0846,N0029,98
E,N0171,N0273,14
E,N0362,N0567,76
E,N0044,N0725,54
E,N0699,N0042,30
E,N0147,N0846,111
E,N0058,N0858,25
E,N0772,N0719,59
E,N0400,N0752,111
E,N0663,N0016,41
E,N0602,N0607,47
E,N0815,N0764,81
E,N0647,N0698,75
E,N0307,N0967,56
E,N0697,N0655,99
E,N0945,N0765,66
E,N0486,N0043,95
E,N0019,N0462,79
E,N0345,N0304,9
E,N0990,N0163,70
E,N0819,N0460,102
E,N0002,N0805,62
E,N0497,N0791,73
E,N0349,N0192,110
E,N0941,N0691,84
E,N0914,N0881,116
E,N0101,N0728,39
E,N0835,N0944,117
E,N0202,N0055,114
E,N0744,N0664,8
E,N0852,N0846,88
E,N0512,N0393,22
E,N0146,N0797,83
E,N0819,N0248,40
E,N0196,N0776,26
E,N0146,N0937,69
E,N0991,N0683,103
E,N0203,N0152,120
E,N0721,N0429,18
E,N0149,N0165,102
E,N0577,N0152,43
E,N0124,N0912,99
E,N0191,N0060,65
E,N0857,N0157,81
E,N0033,N0725,3
E,N0901,N0262,102
E,N0907,N0466,75
E,N0496,N0809,105
E,N0395,N0693,118
E,N0203,N0183,36
E,N0500,N0146,19
E,N0776,N0041,64
E,N0490,N0460,99
E,N0935,N0035,41
E,N0491,N0380,106
E,N0791,N0505,41
E,N0708,N0533,85
E,N0671,N0414,98
E,N0207,N0211,107
E,N0349,N0145,20
E,N0099,N0111,78
E,N0717,N0420,58
E,N0214,N0576,29
E,N0056,N0991,98
E,N0307,N0816,117
E,N0450,N0512,35
E,N0375,N0623,103
E,N0232,N0131,112
E,N0659,N0938,57
E,N0196,N0716,48
E,N0394,N0157,106
E,N0110,N0013,78
E,N0293,N0208,94
E,N0878,N0967,100
E,N0322,N0504,53
E,N0041,N0780,68
E,N0957,N0813,107
E,N0251,N0268,75
E,N0317,N0340,43
E,N0225,N0003,17
E,N0825,N0241,38
E,N0478,N0297,33
E,N0827,N0260,4
E,N0361,N0724,119
E,N0283,N0778,37
E,N0292,N0832,93
E,N0740,N0595,101
E,N0280,N0499,89
E,N0070,N0460,114
E,N0355,N0229,37
E,N0314,N0518,3
E,N0145,N0945,101
E,N0846,N0168,99
E,N0445,N0192,33
E,N0561,N0649,29
E,N0464,N0422,29
E,N0191,N0132,76
E,N0176,N0165,37
E,N0860,N0103,39
E,N0951,N0466,54
E,N0201,N0819,35
E,N0796,N0604,60
E,N0459,N0821,119
E,N0178,N0778,95
E,N0351,N0477,46
E,N0569,N0304,120
E,N0310,N0277,7
E,N0334,N0140,100
E,N0677,N0993,85
E,N0083,N0361,65
E,N0077,N0052,53
E,N0672,N0608,34
E,N0314,N0315,5
E,N0677,N0799,95
E,N0353,N0918,93
E,N0738,N0948,19
E,N0585,N0747,73
E,N0836,N0380,25
E,N0928,N0120,96
E,N0582,N0975,36
E,N0216,N0961,73
E,N0096,N0962,30
E,N0268,N0520,88
E,N0622,N0530,7
E,N0367,N0405,14
E,N0636,N0338,20
E,N0367,N0495,68
E,N0850,N0491,78
E,N0824,N0799,44
E,N0906,N0408,117
E,N0290,N0995,31
E,N0317,N0065,7
E,N0676,N0992,62
E,N0936,N0455,100
E,N0443,N0564,64
E,N0278,N0465,102
E,N0190,N0266,64
E,N0420,N0152,12
E,N0879,N0241,118
E,N0962,N0223,91
E,N0555,N0065,93
E,N0027,N0213,63
E,N0295,N0309,42
E,N0785,N0191,92
E,N0070,N0310,25
E,N0333,N0521,95
E,N0735,N0704,9
E,N0009,N0075,51
E,N0946,N0005,22
E,N0028,N0012,17
E,N0589,N0035,7
E,N0998,N0194,4
E,N0251,N0756,71
E,N0392,N0717,82
E,N0101,N0798,88
E,N0928,N0600,92
E,N0941,N0243,100
E,N0104,N0958,26
E,N0918,N0542,97
E,N0774,N0615,118
E,N0227,N0199,110
E,N0383,N0444,88
E,N0424,N0523,111
E,N0263,N0972,31
E,N0954,N0683,9
E,N0373,N0586,111
E,N0200,N0167,81
E,N0367,N0688,58
E,N0828,N0042,86
E,N0388,N0217,71
E,N0101,N0106,70
E,N1000,N0338,104
E,N0513,N0669,13
E,N0382,N0781,94
E,N0728,N0482,83
E,N0704,N0898,61
E,N0551,N0198,92
E,N0838,N0988,81
E,N0664,N0130,61
E,N0084,N0986,15
E,N0773,N0564,66
E,N0628,N0498,55
E,N0643,N0538,107
E,N0403,N0721,114
E,N0755,N0701,113
E,N0125,N0621,101
E,N0941,N0974,10
E,N0307,N0534,67
E,N0525,N0494,78
E,N0875,N0450,81
E,N0337,N0827,59
E,N0129,N0117,106
E,N0220,N0435,19
E,N0184,N0912,62
E,N0513,N0884,6
E,N0603,N0046,108
E,N0293,N0432,62
E,N0249,N0277,41
E,N0864,N0580,33
E,N0026,N0518,53
E,N0752,N0443,59
E,N0618,N0787,25
E,N0466,N0600,4
E,N0219,N0202,91
E,N0443,N0136,86
E,N0006,N0889,69
E,N0869,N0511,83
E,N0349,N0868,19
E,N0233,N0351,45
E,N0494,N0272,105
E,N0389,N0621,66
E,N0724,N0203,9
E,N0651,N0809,33
E,N0845,N0094,16
E,N0505,N0410,86
E,N0126,N0286,46
E,N0817,N0850,55
E,N0536,N0949,119
E,N0418,N0594,40
E,N0466,N0336,3
E,N0093,N0643,43
E,N0573,N0303,86
E,N0026,N0086,61
E,N0478,N0024,62
E,N0548,N0910,90
E,N0397,N0159,12
E,N0550,N0186,9
E,N0857,N0236,89
E,N0649,N0893,9
E,N0908,N0555,30
E,N0609,N0386,95
E,N0617,N0585,117
E,N0930,N0112,46
E,N0688,N0186,113
E,N0251,N0122,54
E,N0017,N0092,37
E,N0600,N0805,82
E,N0013,N0172,72
E,N0780,N0783,32
E,N0119,N0819,87
E,N0592,N0298,11
E,N0187,N0093,71
E,N0287,N0968,103
E,N0669,N0318,46
E,N0238,N0982,12
E,N0148,N0998,84
E,N0626,N0236,93
E,N0283,N0798,74
E,N0372,N0463,99
E,N0089,N0746,55
E,N0554,N0116,11
E,N0648,N0559,59
E,N0582,N0678,3
E,N0638,N0812,91
E,N0811,N0323,11
E,N0418,N0306,97
E,N0207,N0395,83
E,N0494,N0278,61
E,N0915,N0859,76
E,N0785,N0697,29
E,N0166,N0678,77
E,N0248,N0643,24
E,N0768,N0700,45
E,N0096,N0478,71
E,N0801,N0493,36
E,N0824,N0559,12
E,N0455,N0102,93
E,N0575,N0780,90
E,N0592,N0130,65
E,N0099,N0700,95
E,N0229,N0986,68
E,N0618,N0583,57
E,N0406,N0185,45
E,N0315,N0228,103
E,N0522,N0068,99
E,N0217,N0455,115
E,N0453,N0901,5
E,N0317,N0235,82
E,N0997,N0669,4
E,N0191,N0583,115
E,N0987,N0744,43
E,N0338,N0884,60
E,N0414,N0166,55
E,N0100,N0918,9
E,N0017,N0638,109
E,N0587,N0222,22
E,N0290,N0976,106
E,N0988,N0628,9
E,N0229,N0016,115
E,N0467,N0188,52
E,N0400,N0545,65
E,N0343,N0634,66
E,N0942,N0844,60
E,N0373,N0751,63
E,N0422,N0858,79
E,N0973,N0925,26
E,N0982,N0771,64
E,N0500,N0289,106
E,N0811,N0668,11
E,N0097,N0506,117
E,N0832,N0761,50
E,N0385,N0302,79
E,N0298,N0731,36
E,N0585,N0677,64
E,N0968,N0662,46
E,N0519,N0239,98
E,N0918,N0780,43
E,N0056,N0823,61
E,N0151,N0122,41
E,N0567,N0467,7
E,N0976,N0812,47
E,N0745,N0367,71
E,N0131,N0707,115
E,N0448,N0630,65
E,N0638,N0510,59
E,N0591,N0438,108
E,N0628,N0991,21
E,N0087,N0009,8
E,N0228,N0368,31
E,N0440,N0106,8
E,N0184,N0732,72
E,N0532,N0900,24
E,N0895,N0043,25
E,N0761,N0694,50
E,N0171,N0442,103
E,N0263,N0379,88
E,N0091,N0943,65
E,N0094,N0465,62
E,N0080,N0577,114
E,N0959,N0037,80
E,N0974,N0675,88
E,N0538,N0347,53
E,N0545,N0265,90
E,N0765,N0917,35
E,N0817,N0694,37
E,N0066,N0011,68
E,N0558,N0509,48
E,N0045,N0116,30
E,N0694,N0578,59
E,N0711,N0918,74
E,N0885,N0470,66
E,N0782,N0619,5
E,N0899,N0793,20
E,N0675,N0429,107
E,N0960,N0992,3
E,N0013,N0589,65
E,N0643,N0054,56
E,N0514,N0507,105
E,N0833,N0243,43
E,N0922,N0727,12
E,N0942,N0043,41
E,N0649,N0718,38
E,N0180,N0841,120
E,N0123,N0738,13
E,N0733,N0845,117
E,N0205,N0974,29
E,N0396,N0880,39
E,N0478,N0745,6
E,N0656,N0267,89
E,N0718,N0253,27
E,N0780,N0716,37
E,N0203,N0417,117
E,N0604,N0096,46
E,N0639,N0455,88
E,N0416,N0458,47
E,N0993,N0671,107
E,N0553,N0534,13
E,N0250,N0972,55
E,N0954,N0287,78
E,N0194,N0133,15
E,N0869,N0703,75
E,N0981,N0257,64
E,N0089,N0640,119
E,N0884,N0839,56
E,N0869,N0989,110
E,N0041,N0262,87
E,N0753,N0292,66
E,N0228,N0325,113
E,N0450,N0500,56
E,N0458,N0498,81
E,N0990,N0973,104
E,N0148,N0067,97
E,N0771,N0871,97
E,N0211,N0127,85
E,N0835,N0792,116
E,N0478,N0584,35
E,N0739,N0624,13
E,N0747,N0808,69
E,N0359,N0432,82
E,N0528,N0558,36
E,N0163,N0286,39
E,N0758,N0952,47
E,N0649,N0911,99
E,N0414,N0956,103
E,N0467,N0077,31
E,N0128,N0488,70
E,N0993,N0572,57
E,N0582,N0276,22
E,N0119,N0266,37
E,N0057,N0185,44
E,N0850,N0815,58
E,N0099,N0745,9
E,N0276,N0784,27
E,N0541,N0019,107
E,N0087,N0542,6
E,N0660,N0755,113
E,N0541,N0204,66
E,N0235,N0456,64
E,N0671,N0881,88
E,N0030,N0665,119
E,N0398,N0467,74
E,N0401,N0821,60
E,N0454,N0473,100
E,N0182,N0779,36
E,N0698,N0328,19
E,N0165,N0927,80
E,N0523,N0688,43
E,N0899,N0974,72
E,N0396,N0120,45
E,N0558,N0179,61
E,N0426,N0638,64
E,N0112,N0296,5
E,N0823,N0530,89
E,N0120,N0734,18
E,N0204,N0945,118
E,N0860,N0239,113
E,N0439,N0330,106
E,N0905,N0305,71
E,N0392,N0495,79
E,N0892,N0420,19
E,N0955,N0855,45
E,N0474,N0430,56
E,N0600,N0004,96
E,N0289,N0553,74
E,N0142,N0100,42
E,N0268,N0265,29
E,N0104,N0755,4
E,N0956,N0671,22
E,N0611,N0144,13
E,N0546,N0547,9
E,N0506,N0827,89
E,N0440,N0130,17
E,N0308,N0997,4
E,N0578,N0582,33
E,N0878,N0897,115
E,N0434,N0889,32
E,N0481,N0835,33
E,N0416,N0679,48
E,N0133,N0149,117
E,N0413,N0225,26
E,N0604,N0595,65
E,N0360,N0103,10
E,N0139,N0010,9
E,N0303,N0378,29
E,N0661,N0308,92
E,N0630,N0872,30
E,N0570,N0421,29
E,N0061,N0078,9
E,N0081,N0574,70
E,N0741,N0329,56
E,N0278,N0266,33
E,N0441,N0693,40
E,N0950,N0769,99
E,N0934,N0224,43
E,N0934,N0753,49
E,N0422,N0759,49
E,N0055,N0562,99
E,N0777,N0111,68
E,N0433,N0915,54
E,N0875,N0629,71
E,N0648,N0582,55
E,N0115,N0617,74
E,N0361,N0862,115
E,N0917,N0007,93
E,N0207,N0933,96
E,N0756,N0039,36
E,N0332,N0177,49
E,N0006,N0033,115
E,N0190,N0569,87
E,N0342,N0406,6
E,N0831,N0435,41
E,N0319,N0352,114
E,N0325,N0697,91
E,N0086,N0571,93
E,N0018,N0307,25
E,N0058,N0216,52
E,N0032,N0439,64
E,N0362,N0515,17
E,N0983,N0455,69
E,N0387,N0919,92
E,N0572,N0129,104
E,N0555,N0200,21
E,N0495,N0001,4
E,N0556,N0904,115
E,N0234,N0106,78
E,N0615,N0190,78
E,N0192,N0960,9
E,N0097,N0463,103
E,N0253,N0953,21
E,N0827,N0103,112
E,N0525,N0984,90
E,N0203,N0198,91
E,N0190,N0308,115
E,N0932,N0004,54
E,N0554,N0766,21
E,N0290,N0875,12
E,N0827,N0556,107
E,N0346,N0105,78
E,N0804,N0119,33
E,N0470,N0469,101
E,N0253,N0856,28
E,N0738,N0932,54
E,N0439,N0696,35
E,N0075,N0354,47
E,N0680,N0146,19
E,N0381,N0027,19
E,N0622,N0857,7
E,N0412,N0530,61
E,N0499,N0651,120
E,N0703,N0519,67
E,N0571,N0924,51
E,N0290,N0365,117
E,N0618,N0259,24
E,N0284,N0393,108
E,N0758,N0503,57
E,N0296,N0408,68
E,N0165,N0102,51
E,N0606,N0675,27
E,N0095,N0499,71
E,N0973,N0947,53
E,N0368,N0536,16
E,N0253,N0825,70
E,N0489,N0914,97
E,N0086,N0892,94
E,N0416,N0243,68
E,N0921,N0097,98
E,N0500,N0201,64
E,N0941,N0023,116
E,N0638,N0945,61
E,N0508,N0822,36
E,N0595,N0902,5
E,N0194,N0458,56
E,N0167,N0536,11
E,N0790,N0351,57
E,N0477,N0500,115
E,N0572,N0313,10
E,N0084,N0474,108
E,N0149,N0785,52
E,N0588,N0954,103
E,N0952,N0703,111
E,N0262,N0835,18
E,N0715,N0061,31
E,N0647,N0773,35
E,N0857,N0349,36
E,N0299,N0197,113
E,N0297,N0626,66
E,N0867,N0720,63
E,N0824,N0387,87
E,N0817,N0493,119
E,N0159,N0762,50
E,N0661,N0720,12
E,N0491,N0052,4
E,N0153,N0478,114
E,N0544,N0482,43
E,N0220,N0503,25
E,N0237,N0948,44
E,N0530,N0778,108
E,N0842,N0666,36
E,N0279,N0621,5
E,N0699,N0006,20
E,N0720,N0302,118
E,N0495,N0908,109
E,N0152,N0217,90
E,N0058,N0839,74
E,N0731,N0793,75
E,N0061,N0892,6
E,N0597,N0857,4
E,N0695,N0411,72
E,N0332,N0444,63
E,N0976,N0898,40
E,N0896,N0843,80
E,N0209,N0511,82
E,N0060,N0516,37
E,N0983,N0658,56
E,N0620,N0204,79
E,N0125,N0761,34
E,N0826,N0343,34
E,N0277,N0181,50
E,N0040,N0501,91
E,N0373,N0780,59
E,N0386,N0025,65
E,N0607,N0077,23
E,N0287,N0628,71
E,N0187,N0425,87
E,N0925,N0522,62
E,N0909,N0273,63
E,N0971,N0870,47
E,N0131,N0936,93
E,N0612,N0515,10
E,N0966,N0477,20
E,N0100,N0200,68
E,N0081,N0219,119
E,N0440,N0952,92
E,N0848,N0998,112
E,N0035,N0882,105
E,N0755,N0303,97
E,N0153,N0581,73
E,N0164,N0045,44
E,N0659,N0393,103
E,N0724,N0665,43
E,N0425,N0691,61
E,N0364,N0182,82
E,N0577,N0142,42
E,N0871,N0559,107
E,N0383,N0995,51
E,N0345,N0900,76
E,N0062,N0565,4
E,N0764,N0543,84
E,N0006,N0748,57
E,N0100,N0214,118
E,N0327,N0772,64
E,N0923,N0036,61
E,N0503,N0125,75
E,N0805,N0244,24
E,N0490,N0151,33
E,N0735,N0272,93
E,N0853,N0515,6
E,N0578,N0325,20
E,N0652,N0999,77
E,N0074,N0535,19
E,N0310,N0530,109
E,N0348,N0616,45
E,N0286,N0603,7
E,N0269,N0575,8
E,N0254,N0885,100
E,N0002,N0117,68
E,N0973,N0750,41
E,N0676,N0345,48
E,N0687,N0249,10
E,N0820,N0438,94
E,N0238,N0345,94
E,N0594,N0876,62
E,N0963,N0909,61
E,N0872,N0906,64
E,N0155,N0332,34
E,N0363,N0488,31
E,N0301,N0632,26
E,N0506,N0148,115
E,N0011,N0490,95
E,N0952,N0905,23
E,N0359,N0039,18
E,N0883,N0537,43
E,N0901,N0526,82
E,N0923,N0691,35
E,N0727,N0910,74
E,N0031,N0946,108
E,N0137,N0222,74
E,N0594,N0533,42
E,N0173,N0288,92
E,N0929,N0145,105
E,N0071,N0887,111
E,N0883,N0057,92
E,N0696,N0687,66
E,N0691,N0863,37
E,N0238,N0085,53
E,N0925,N0403,65
E,N0817,N0541,109
E,N0067,N0990,75
E,N0351,N0848,46
E,N0564,N0273,50
E,N0984,N0121,69
E,N0909,N0246,107
E,N0647,N0804,70
E,N0794,N0062,94
E,N0697,N0069,40
E,N0825,N0801,14
E,N0231,N0296,100
E,N0659,N0838,89
E,N0467,N0739,80
E,N0378,N0852,56
E,N0355,N0072,115
E,N0006,N0635,113
E,N0051,N0903,43
E,N0403,N0684,99
E,N0128,N0219,84
E,N0341,N0231,66
E,N0613,N0976,72
E,N0945,N0132,99
E,N0811,N0168,74
E,N0293,N0630,102
E,N0451,N0190,60
E,N0308,N0283,103
E,N0970,N0656,106
E,N0493,N0694,40
E,N0075,N0358,26
E,N0834,N0302,47
E,N0663,N0574,71
E,N0352,N0024,35
E,N0047,N0626,94
E,N0356,N0162,58
E,N0460,N0110,115
E,N0418,N0281,97
E,N0119,N0445,20
E,N0896,N0852,8
E,N0093,N0673,47
E,N0179,N0914,21
E,N0419,N0836,93
E,N0925,N0946,57
E,N0103,N0085,70
E,N0026,N0823,116
E,N0423,N0950,95
E,N0906,N0039,18
E,N0147,N0687,50
E,N0947,N0512,68
E,N0223,N0109,90
E,N0048,N0443,13
E,N0108,N0459,26
E,N0958,N0535,120
E,N0243,N0506,38
E,N0695,N0061,112
E,N1000,N0747,63
E,N0599,N0191,52
E,N0887,N0032,24
E,N0940,N0850,103
E,N0968,N0846,13
E,N0250,N0044,53
E,N0529,N0581,58
E,N0171,N0511,19
E,N0773,N0683,27
E,N0161,N0637,3
E,N0346,N0576,114
E,N0885,N0997,50
E,N0101,N0675,43
E,N0513,N0525,23
E,N0891,N0042,23
E,N0411,N0729,13
E,N0622,N0354,17
E,N0583,N0428,98
E,N0041,N0558,26
E,N0030,N0057,120
E,N0509,N0283,115
E,N0516,N0369,61
E,N0770,N0748,101
E,N0895,N0429,118
E,N0468,N0646,92
E,N0807,N0858,19
E,N0231,N0929,4
E,N0555,N0367,3
E,N0022,N0410,42
E,N0468,N0594,29
E,N0984,N0533,3
E,N0692,N0352,44
E,N0031,N0582,97
E,N0333,N0345,67
E,N0875,N0156,77
E,N0247,N0607,4
E,N0271,N0710,106
E,N0635,N0465,24
E,N0468,N0571,80
E,N0803,N0473,23
E,N0521,N0201,32
E,N0750,N0333,56
E,N0547,N0113,36
E,N0021,N0026,54
E,N0395,N0526,22
E,N0954,N0052,30
E,N0387,N0966,62
E,N0559,N0969,41
E,N0328,N0746,79
E,N0970,N0687,49
E,N0617,N0642,79
E,N0403,N0900,83
E,N0740,N0289,37
E,N0196,N0534,94
E,N0718,N0945,73
E,N0398,N0271,72
E,N0876,N0370,53
E,N0011,N0426,79
E,N0466,N0371,84
E,N0677,N0003,88
E,N0387,N0268,68
E,N0149,N0457,11
E,N0535,N0393,37
E,N0616,N0759,116
E,N0819,N0491,98
E,N0796,N0676,79
E,N0005,N0746,19
E,N0907,N0364,93
E,N0391,N0003,70
E,N0763,N0696,5
E,N0435,N0247,80
E,N0228,N0044,101
E,N0978,N0648,101
E,N0646,N0632,15
E,N0237,N0024,40
E,N0090,N0884,44
E,N0071,N0304,77
E,N0249,N0165,106
E,N0468,N0007,78
E,N0959,N0975,19
E,N0853,N0671,104
E,N0577,N0383,31
E,N0936,N0588,114
E,N0611,N0777,26
E,N0915,N0808,64
E,N0905,N0163,24
E,N0213,N0785,102
E,N0375,N0989,101
E,N0458,N0513,34
E,N0223,N0122,101
E,N0888,N0835,71
E,N0185,N0784,91
E,N0681,N0784,102
E,N0938,N0567,15
E,N0130,N0099,88
E,N0159,N0884,72
E,N0810,N0604,14
E,N0674,N0259,26
E,N0482,N0553,17
E,N0952,N0656,31
E,N0451,N0558,34
E,N0523,N0345,96
E,N0538,N0716,50
E,N0417,N0649,97
E,N0515,N0267,43
E,N0425,N0573,65
E,N0903,N0517,102
E,N0713,N0204,118
E,N0164,N0148,61
E,N0643,N0125,40
E,N0105,N0373,98
E,N0116,N0853,112
E,N0644,N0166,32
E,N0189,N0002,100
E,N0189,N0338,16
E,N0095,N0639,120
E,N0954,N0522,75
E,N0216,N0562,117
E,N0049,N0279,74
E,N0940,N0361,56
E,N0933,N0732,113
E,N0755,N0442,30
E,N0028,N0110,46
E,N0068,N0826,115
E,N0337,N0138,8
E,N0914,N0250,92
E,N0556,N0594,95
E,N0742,N0298,30
E,N0100,N0167,30
E,N0488,N0635,5
E,N0657,N0718,105
E,N0055,N0275,62
E,N0893,N0190,35
E,N0099,N0875,65
E,N0266,N0452,86
E,N0802,N0623,17
E,N0722,N0089,118
E,N0832,N0738,23
E,N0751,N0905,99
E,N0680,N0948,52
E,N0120,N0929,115
E,N0799,N0532,9
E,N0400,N0268,76
E,N0398,N0940,92
E,N0823,N0446,66
E,N0504,N0735,95
E,N0421,N0826,78
E,N0636,N0979,28
E,N0103,N0987,9
E,N0252,N0901,27
E,N0618,N0328,70
E,N0753,N0306,4
E,N0110,N0679,96
E,N0640,N0918,109
E,N0313,N0607,55
E,N0192,N0004,93
E,N0050,N0283,101
E,N0014,N0176,92
E,N0597,N0448,110
E,N0968,N0644,56
E,N0954,N0564,50
E,N0651,N0036,3
E,N0738,N0966,21
E,N0895,N0507,92
E,N0338,N0477,27
E,N0819,N0110,80
E,N0572,N0733,66
E,N0455,N0681,85
E,N0078,N0488,60
E,N0997,N0614,15
E,N0409,N0021,38
E,N0693,N0505,5
E,N0406,N0453,99
E,N0158,N0794,68
E,N0737,N0404,72
E,N0060,N0266,7
E,N0282,N0525,110
E,N0453,N0191,104
E,N0636,N0585,105
E,N0770,N0047,24
E,N0059,N0009,109
E,N0100,N0533,35
E,N0261,N0882,120
E,N0250,N0004,95
E,N0471,N0969,26
E,N0947,N0217,67
E,N0487,N0870,45
E,N0721,N0550,116
E,N0548,N0300,87
E,N0733,N0557,69
E,N0216,N0982,84
E,N0040,N0337,82
E,N0719,N0726,38
E,N0773,N0537,78
E,N0357,N0872,29
E,N0987,N0110,24
E,N0372,N0137,107
E,N0301,N0485,118
E,N0882,N0309,85
E,N0104,N0677,81
E,N0755,N0034,108
E,N0790,N0585,106
E,N0363,N0886,85
E,N0181,N0265,49
E,N0981,N0230,88
E,N0091,N0871,77
E,N0311,N0060,65
E,N0666,N0136,94
E,N0093,N0990,111
E,N0862,N0435,104
E,N0917,N0046,113
E,N0249,N0306,81
E,N0105,N0348,76
E,N0763,N0344,36
E,N0258,N0978,102
E,N0773,N0306,59
E,N0961,N0338,37
E,N0229,N0970,101
E,N0636,N0294,18
E,N0905,N0606,40
E,N0172,N0332,74
E,N0425,N0304,77
E,N0537,N0257,88
E,N0734,N0617,22
E,N0196,N0849,93
E,N0273,N0481,36
E,N0695,N0016,16
E,N0226,N0388,71
E,N0514,N0884,5
E,N0851,N0958,66
E,N0559,N0653,58
E,N0487,N0606,13
E,N0925,N0695,50
E,N0660,N0844,52
E,N0985,N0710,97
E,N0297,N0795,38
E,N0313,N0135,87
E,N0811,N0996,55
E,N0260,N0267,45
E,N0769,N0482,70
E,N0676,N0850,40
E,N0301,N0093,22
E,N0769,N0227,28
E,N0676,N0291,99
E,N0613,N0767,10
E,N0615,N0860,89
E,N0676,N0902,27
E,N0900,N0108,53
E,N0079,N0064,36
E,N0905,N0793,11
E,N0335,N0287,99
E,N0716,N0092,39
E,N0523,N0196,89
E,N0466,N0550,33
E,N0900,N0998,23
E,N0497,N0907,6
E,N0070,N0166,8
E,N0657,N0085,76
E,N0267,N0153,84
E,N0999,N0255,7
E,N0384,N0559,42
E,N0026,N0209,32
E,N0497,N0664,100
E,N0493,N0574,16
E,N0346,N0202,19
E,N0884,N0031,42
E,N0912,N0096,88
E,N0181,N0425,107
E,N0647,N0722,110
E,N0508,N0541,108
E,N0219,N0514,80
E,N0499,N0797,64
E,N0962,N0288,7
E,N0436,N0316,14
E,N0205,N0315,87
E,N0017,N0563,26
E,N0585,N0913,57
E,N0754,N0519,81
E,N0942,N0126,79
E,N0022,N0972,89
E,N0221,N0226,120
E,N0114,N0385,120
E,N0824,N0643,101
E,N0631,N0146,55
E,N0566,N0170,35
E,N0493,N0602,81
E,N0183,N0147,36
E,N0550,N0018,112
E,N0020,N0885,6
E,N0432,N0631,13
E,N0673,N0875,31
E,N0525,N0411,51
E,N0856,N0872,41
E,N0065,N0919,93
E,N0075,N0256,5
E,N0576,N0219,74
E,N0105,N0677,103
E,N0103,N0660,91
E,N0939,N0087,19
E,N0722,N0465,87
E,N0428,N0540,35
E,N0541,N0603,88
E,N0611,N0198,10
E,N0059,N0770,77
E,N0277,N0531,36
E,N0190,N0666,116
E,N0618,N0361,82
E,N0164,N0032,70
E,N0395,N0485,73
E,N0762,N0724,3
E,N0721,N0244,61
E,N0784,N0352,94
E,N0185,N0355,45
E,N0896,N0501,78
E,N0143,N0173,104
E,N0765,N0273,81
E,N0518,N0198,64
E,N0861,N0741,38
E,N0186,N0228,35
E,N0590,N0275,97
E,N0591,N0537,104
E,N0418,N0220,43
E,N0409,N0714,48
E,N0420,N0797,29
E,N0665,N0425,61
E,N0080,N0686,92
E,N0872,N0822,48
E,N0525,N0231,64
E,N0477,N0281,108
E,N0619,N0091,14
E,N0337,N0478,69
E,N0185,N0945,83
E,N0194,N0306,57
E,N0410,N0590,115
E,N0359,N0234,18
E,N0496,N0482,95
E,N0097,N0010,31
E,N0383,N0304,74
E,N0126,N0601,8
E,N0266,N0883,24
E,N0162,N0569,49
E,N0569,N0441,30
E,N0281,N0810,54
E,N0915,N0288,113
E,N0884,N0927,80
E,N0943,N0946,13
E,N0581,N0471,15
E,N0768,N0934,96
E,N0058,N0765,16
E,N0934,N0073,34
E,N0648,N0527,33
E,N0102,N0009,24
E,N0381,N0867,85
E,N0867,N0692,114
E,N0992,N0368,33
E,N0049,N0771,39
E,N0841,N0411,37
E,N0136,N0157,73
E,N0360,N0137,39
E,N0596,N0663,59
E,N0455,N0325,15
E,N0568,N0038,111
E,N0671,N0127,73
E,N0453,N0438,73
E,N0615,N0484,29
E,N0625,N0782,94
E,N0041,N0996,85
E,N0429,N0959,4
E,N0068,N0584,28
E,N0357,N0877,10
E,N0577,N0378,59
E,N0368,N0401,50
E,N0872,N0651,23
E,N0947,N0981,58
E,N0504,N0710,113
E,N0623,N0391,37
E,N0424,N0778,24
E,N0924,N0503,30
E,N0754,N0655,18
E,N0565,N0482,25
E,N0303,N0790,25
E,N0156,N0367,116
E,N0684,N0087,107
E,N0993,N0876,12
E,N0950,N0949,104
E,N0662,N0961,40
E,N0685,N0042,71
E,N0242,N0637,71
E,N0804,N0263,91
E,N0426,N0542,84
E,N0584,N0096,23
E,N0625,N0476,63
E,N0994,N0213,96
E,N0861,N0048,69
E,N0834,N0967,86
E,N0941,N0766,42
E,N0475,N0189,40
E,N0548,N0970,81
E,N0055,N0637,119
E,N0282,N0055,5
E,N0428,N0142,40
E,N0906,N0072,24
E,N0929,N0142,49
E,N0958,N0500,81
E,N0493,N0360,38
E,N0382,N0830,110
E,N0389,N0887,95
E,N0531,N0140,109
E,N0357,N0717,98
E,N0052,N0593,100
E,N0711,N0083,96
E,N0949,N0628,73
E,N0360,N0413,47
E,N0001,N0327,68
E,N0589,N0750,31
E,N0251,N0878,92
E,N0469,N0381,92
E,N0729,N0716,53
E,N0172,N0787,3
E,N0499,N0098,79
E,N0174,N0123,78
E,N0084,N0906,58
E,N0962,N0769,64
E,N0122,N0434,33
E,N0040,N0480,53
E,N0765,N0229,25
E,N0983,N0557,120
E,N0354,N0487,34
E,N0759,N0808,101
E,N0256,N0892,18
E,N0089,N0442,95
E,N0271,N0909,108
E,N0860,N0853,13
E,N0327,N0341,64
E,N0788,N0353,3
E,N0582,N0322,80
E,N0459,N0161,8
E,N0316,N0182,63
E,N0613,N0807,53
E,N0956,N0464,66
E,N0867,N0249,113
E,N0376,N0552,46
E,N0184,N0508,88
E,N0990,N0209,98
E,N0426,N0614,115
E,N0980,N0428,35
E,N0558,N0520,77
E,N0816,N0879,70
E,N0648,N0201,111
E,N0521,N0868,26
E,N0271,N0052,99
E,N0207,N0073,39
E,N0502,N0117,118
E,N0666,N0636,87
E,N0939,N0210,75
E,N0108,N0475,98
E,N0175,N0530,36
E,N0985,N0652,78
E,N0675,N0399,55
E,N0337,N0290,51
E,N0407,N0917,43
E,N0791,N0758,89
E,N0771,N0995,93
E,N0777,N0445,34
E,N0422,N0988,23
E,N0794,N0895,7
E,N0857,N0868,37
E,N0566,N0507,50
E,N0499,N0286,26
E,N0659,N0014,73
E,N0821,N0493,56
E,N0421,N0910,93
E,N0778,N0154,11
E,N0984,N0877,95
E,N0269,N0070,103
E,N0731,N0930,114
E,N0005,N0160,17
E,N0049,N0116,87
E,N0243,N0960,62
E,N0322,N0340,106
E,N0488,N0399,77
E,N0789,N0272,45
E,N0001,N0316,93
E,N0279,N0412,18
E,N0232,N0307,80
E,N0939,N0750,98
E,N0077,N0503,14
E,N0224,N0615,66
E,N0885,N0134,65
E,N0963,N0360,115
E,N0310,N0938,84
E,N0178,N0937,12
E,N0232,N0615,108
E,N0726,N0237,68
E,N0722,N0294,76
E,N0736,N0091,63
E,N0650,N0548,116
E,N0992,N0960,114
E,N0456,N0530,91
E,N0595,N0448,79
E,N0476,N0233,54
E,N0163,N0504,28
E,N0767,N0971,60
E,N0053,N0022,40
E,N0591,N0095,18
E,N0264,N0499,118
E,N0110,N0486,52
E,N0051,N0125,119
E,N0079,N0003,97
E,N0523,N0278,20
E,N0186,N0699,113
E,N0236,N0780,8
E,N0489,N0014,19
E,N0120,N0472,14
E,N0039,N0312,38
E,N0276,N0934,58
E,N0996,N0054,14
E,N0765,N0534,25
E,N0229,N0774,28
E,N0763,N0024,62
E,N0960,N0535,54
E,N0861,N0512,13
E,N0462,N0760,24
E,N0551,N0823,111
E,N0048,N0782,45
E,N0756,N0269,54
E,N0178,N0278,75
E,N0038,N0024,34
E,N0559,N0713,30
E,N0170,N0811,7
E,N0695,N0901,118
E,N0867,N0826,70
E,N0469,N0688,12
E,N0772,N0416,93
E,N0557,N0021,41
E,N0884,N0984,16
E,N0703,N0033,67
E,N0356,N0662,19
E,N0047,N0264,49
E,N0185,N0363,24
E,N0702,N0126,44
E,N0671,N0751,41
E,N0936,N0769,115
E,N0405,N0750,24
E,N0457,N0227,116
E,N0834,N0319,81
E,N0203,N0521,21
E,N0814,N0682,117
E,N0724,N0975,26
E,N0529,N0989,104
E,N0531,N0846,18
E,N0702,N0720,113
E,N0771,N0775,62
E,N0666,N0889,118
E,N0071,N0273,49
E,N0721,N0114,19
E,N0480,N0803,119
E,N0664,N0183,79
E,N0985,N0470,83
E,N0462,N0941,81
E,N0094,N0340,87
E,N0451,N0572,60
E,N0578,N0370,56
E,N0951,N0072,89
E,N0230,N0396,26
E,N0983,N0397,27
E,N0485,N0889,54
E,N0956,N0952,19
E,N0620,N0439,48
E,N0113,N0336,95
E,N0894,N0224,7
E,N0718,N0819,20
E,N0237,N0480,60
E,N0225,N0221,82
E,N0185,N0778,90
E,N0767,N0053,20
E,N0233,N0778,106
E,N0066,N0142,95
E,N0971,N0684,115
E,N0393,N0372,57
E,N0053,N0960,94
E,N0053,N0875,25
E,N0142,N0903,21
E,N0851,N0974,76
E,N0824,N0879,72
E,N0992,N0884,111
E,N0325,N0636,12
E,N0848,N0154,9
E,N0859,N0732,97
E,N0961,N0490,28
E,N0466,N0746,110
E,N0596,N0115,51
E,N0047,N0120,86
E,N0895,N0380,13
E,N0435,N0198,61
E,N0586,N0587,102
E,N0736,N0663,38
E,N0294,N0714,51
E,N0957,N0385,59
E,N0157,N0348,39
E,N0536,N0594,59
E,N0780,N0261,75
E,N0024,N0146,82
E,N0080,N0397,50
E,N0748,N0678,42
E,N0165,N0505,72
E,N0939,N0148,42
E,N0207,N0879,62
E,N0995,N0800,53
E,N0807,N0481,58
E,N0676,N0393,94
E,N0974,N0433,27
E,N0037,N0677,64
E,N0021,N0581,61
E,N0431,N0033,20
E,N0171,N0719,55
E,N0105,N0190,64
E,N0745,N0398,39
E,N0724,N0666,29
E,N0030,N0728,8
E,N0942,N0466,34
E,N0691,N0884,65
E,N0640,N0158,80
E,N0372,N0380,69
E,N0836,N0682,13
E,N0390,N0233,100
E,N0231,N0267,67
E,N0498,N0474,72
E,N0759,N0195,119
E,N0898,N0297,61
E,N0610,N0711,86
E,N0704,N0090,103
E,N0087,N0518,17
E,N0953,N0884,59
E,N0377,N0932,86
E,N0383,N0948,36
E,N0643,N0625,105
E,N0556,N0422,76
E,N0894,N0657,18
E,N0936,N0286,67
E,N0354,N0877,65
E,N0526,N0270,99
E,N0623,N0323,63
E,N0013,N0132,54
E,N0973,N0478,23
E,N0800,N0541,37
E,N0226,N0081,71
E,N0431,N0194,13
E,N0156,N0645,76
E,N0545,N0838,101
E,N0111,N0994,68
E,N0396,N0849,34
E,N0728,N0502,62
E,N0592,N0394,101
E,N0125,N0963,68
E,N0253,N0203,58
E,N0887,N0485,57
E,N0772,N0035,74
E,N0925,N0663,88
E,N0112,N0555,61
E,N0164,N0198,4
E,N0312,N0152,69
E,N0189,N0740,12
E,N0809,N0858,119
E,N0969,N0921,27
E,N0520,N0125,112
E,N0624,N0719,84
E,N0394,N0503,83
E,N0120,N0577,30
E,N0519,N0869,6
E,N0578,N0192,17
E,N0890,N0655,26
E,N0028,N0479,59
E,N0871,N0606,117
E,N0050,N0599,20
E,N0035,N0456,6
E,N0013,N0375,81
E,N0198,N0580,93
E,N0952,N0627,95
E,N0829,N0704,6
E,N0257,N0711,108
E,N0430,N0133,12
E,N0829,N0984,97
E,N0977,N0652,77
E,N0975,N0652,18
E,N0341,N0160,67
E,N0910,N0037,99
E,N0120,N0767,99
E,N0555,N0138,98
E,N0454,N0615,46
E,N0949,N0307,48
E,N0202,N0836,75
E,N0708,N0224,81
E,N0142,N0645,106
E,N0407,N0794,92
E,N0485,N0888,31
E,N0739,N0153,36
E,N0920,N0600,16
E,N0304,N0850,31
E,N0001,N0358,49
E,N0784,N0696,118
E,N0160,N0583,15
E,N0810,N0676,85
E,N0318,N0708,38
E,N0915,N0616,16
E,N0014,N0538,53
E,N0079,N0393,96
E,N0258,N0279,102
E,N0417,N0760,23
E,N0837,N0720,11
E,N0596,N0748,69
E,N0716,N0814,110
E,N0774,N0940,63
E,N0418,N0061,78
E,N0524,N0853,64
E,N0654,N0746,92
E,N0719,N0564,111
E,N0283,N0515,107
E,N0116,N0981,58
E,N0654,N0486,3
E,N0623,N0599,56
E,N0506,N0680,36
E,N0858,N0999,36
E,N0826,N0243,80
E,N0630,N0322,31
E,N0578,N0243,85
E,N0854,N0427,25
E,N0621,N0850,116
E,N0251,N0273,85
E,N0268,N0719,24
E,N0597,N0100,106
E,N0026,N0303,17
E,N0223,N0185,75
E,N0013,N0581,31
E,N0720,N0701,3
E,N0891,N0141,94
E,N0003,N0289,119
E,N0666,N0005,53
E,N0238,N0693,22
E,N0685,N0522,34
E,N0849,N0944,94
E,N0183,N0076,113
E,N0729,N0785,71
E,N0649,N0361,117
E,N0798,N0767,73
E,N0243,N0996,37
E,N0854,N0683,3
E,N0762,N0061,18
E,N0157,N0764,54
E,N0287,N0068,66
E,N0578,N0561,63
E,N0954,N0230,21
E,N0853,N0369,118
E,N0786,N0166,18
E,N0758,N0464,19
E,N0020,N0386,29
E,N0840,N0293,57
E,N0383,N0208,6
E,N0342,N0818,43
E,N0006,N0905,18
E,N0172,N0280,44
E,N0395,N0697,46
E,N0319,N0486,104
E,N0623,N0285,8
E,N0738,N0435,14
E,N0260,N0934,57
E,N0553,N0198,64
E,N0257,N0305,111
E,N0155,N0850,107
E,N0890,N0274,85
E,N0579,N0908,120
E,N0028,N0670,48
E,N0715,N0868,61
E,N0861,N0813,29
E,N0404,N0422,86
E,N0230,N0315,60
E,N0757,N0582,16
E,N0651,N0190,110
E,N0720,N0119,69
E,N0253,N0693,59
E,N0803,N0800,22
E,N0509,N0418,6
E,N0931,N0769,41
E,N0535,N0824,91
E,N0565,N0356,52
E,N0122,N0654,104
E,N0806,N0032,35
E,N0165,N0170,36
E,N0687,N0593,41
E,N0318,N0269,99
E,N0765,N0825,34
E,N0275,N0879,4
E,N0953,N0558,34
E,N0530,N0181,104
E,N0556,N0478,110
E,N0634,N0979,7
E,N0127,N0209,117
E,N0765,N0981,65
E,N0704,N0327,48
E,N0722,N0216,94
E,N0277,N0011,15
E,N0087,N0352,111
E,N0397,N0118,5
E,N0007,N0224,24
E,N0768,N0584,71
E,N0654,N0414,36
E,N0364,N0108,111
E,N0471,N0264,16
E,N0231,N0631,42
E,N0770,N0902,98
E,N0213,N0239,29
E,N0711,N0541,116
E,N0968,N0179,65
E,N0427,N0895,37
E,N0757,N0823,82
E,N0100,N0390,117
E,N0117,N0057,78
E,N0566,N0672,18
E,N0694,N0510,19
E,N0740,N0092,20
E,N0277,N0227,3
E,N0265,N0157,62
E,N0826,N0143,6
E,N0797,N0861,96
E,N0471,N0958,95
E,N0784,N0939,107
E,N0259,N0296,29
E,N0817,N0057,45
E,N0960,N0289,116
E,N0906,N0808,60
E,N0726,N0662,59
E,N0888,N0087,56
E,N0682,N0833,38
E,N0008,N0329,119
E,N0119,N0747,73
E,N0663,N0112,45
E,N0634,N0758,43
E,N0506,N0539,69
E,N0049,N0679,84
E,N0112,N0368,75
E,N0555,N0779,7
E,N0617,N0773,108
E,N0796,N0394,44
E,N0953,N0221,57
E,N0957,N0609,62
E,N0297,N0652,87
E,N0790,N0626,63
E,N0403,N0372,19
E,N0345,N0122,14
E,N0271,N0855,101
E,N0808,N0384,85
E,N0144,N0789,7
E,N0065,N0483,21
E,N0300,N0810,11
E,N0353,N0434,105
E,N0180,N0133,47
E,N0742,N0494,53
E,N0692,N0891,61
E,N0717,N0134,52
E,N0152,N0302,113
E,N0388,N0075,60
E,N0294,N0216,59
E,N0259,N0626,94
E,N0255,N0228,105
E,N0733,N0943,110
E,N0729,N0958,11
E,N0498,N0069,32
E,N0179,N0201,12
E,N0334,N0383,42
E,N0194,N0851,78
E,N0351,N0117,110
E,N0391,N0320,4
E,N0188,N0247,52
E,N0387,N0635,87
E,N0899,N0706,94
E,N0304,N0354,81
E,N0863,N0295,38
E,N0630,N0327,58
E,N0688,N0229,113
E,N0014,N0308,79
E,N0378,N0281,31
E,N0770,N0099,19
E,N0489,N0112,91
E,N0269,N0792,85
E,N0888,N0874,51
E,N0873,N0956,50
E,N0090,N0559,116
E,N0232,N0371,4
E,N0225,N0673,92
E,N0098,N0690,90
E,N0160,N0448,70
E,N0829,N0913,106
E,N0753,N0238,77
E,N0933,N0875,32
E,N0493,N0464,58
E,N0081,N0616,56
E,N0050,N0138,95
E,N0262,N0922,86
E,N0266,N0282,31
E,N0469,N0546,54
E,N0720,N0033,75
E,N0085,N0895,93
E,N0986,N0889,87
E,N0312,N0408,93
E,N0553,N0416,66
E,N0803,N0330,17
E,N0803,N0787,89
E,N0548,N0065,54
E,N0815,N0202,73
E,N0608,N0605,44
E,N0137,N0452,58
E,N0333,N0563,78
E,N0535,N0189,83
E,N0793,N0813,77
E,N0614,N0148,110
E,N0576,N0322,107
E,N0169,N0641,46
E,N0395,N0315,112
E,N0366,N0247,108
E,N0632,N0633,109
E,N0514,N0052,113
E,N0008,N0286,101
E,N0281,N0286,19
E,N0979,N0743,39
E,N0778,N0992,69
E,N0204,N0707,40
E,N0111,N0959,4
E,N0124,N0972,102
E,N0047,N0525,20
E,N0074,N0264,113
E,N0458,N0675,27
E,N0996,N0163,85
E,N0482,N0078,116
E,N0177,N0830,101
E,N0092,N0431,113
E,N0135,N0810,113
E,N0180,N0386,31
E,N0874,N0725,47
E,N0354,N0295,6
E,N0267,N0903,3
E,N0125,N0216,3
E,N0915,N0525,88
E,N0479,N0062,10
E,N0590,N0817,21
E,N0575,N0456,4
E,N0572,N0867,106
E,N0756,N0411,115
E,N0224,N0903,100
E,N0633,N0465,67
E,N0709,N0533,39
E,N0939,N0163,73
E,N0344,N0356,78
E,N0533,N0279,58
E,N0320,N0528,4
E,N0133,N0855,3
E,N0498,N0320,57
E,N0419,N0110,50
E,N0921,N0679,46
E,N0792,N0334,96
E,N0926,N0876,65
E,N0300,N0471,73
E,N0491,N0469,92
E,N0363,N0659,16
E,N0231,N0168,56
E,N0674,N0513,5
E,N0537,N0654,18
E,N0623,N0097,71
E,N0461,N0804,78
E,N0471,N0857,51
E,N0387,N0119,41
E,N0306,N0837,46
E,N0334,N0111,25
E,N0342,N0255,52
E,N0979,N0228,88
E,N0561,N0521,110
E,N0726,N0544,37
E,N0845,N0572,61
E,N0765,N0712,98
E,N0915,N0317,7
E,N0513,N0351,15
E,N0391,N0848,21
E,N0320,N0767,38
E,N0063,N0552,119
E,N0893,N0762,102
E,N0687,N0167,68
E,N0504,N0850,52
E,N0825,N0363,17
E,N0412,N0701,22
E,N0773,N0922,74
E,N0893,N0247,47
E,N0201,N0471,102
E,N0528,N0399,95
E,N0705,N0980,71
E,N0138,N0287,108
E,N0661,N0124,25
E,N0628,N0258,15
E,N0721,N0069,63
E,N0802,N0206,6
E,N0277,N0380,35
E,N0032,N0416,115
E,N0181,N0976,91
E,N0219,N0188,77
E,N0378,N0494,119
E,N0724,N0959,111
E,N0866,N0923,75
E,N0425,N0884,48
E,N0119,N0862,91
E,N0662,N0159,68
E,N0637,N0754,68
E,N0386,N0837,108
E,N0436,N0136,54
E,N0055,N0314,84
E,N0413,N0340,35
E,N0866,N0260,84
E,N0358,N0104,112
E,N0258,N0291,29
E,N0330,N0381,36
E,N0183,N0697,39
E,N0820,N0709,93
E,N0689,N0832,69
E,N0241,N0272,27
E,N0831,N0618,84
E,N0308,N0731,115
E,N0907,N0652,79
E,N0906,N0974,41
E,N0175,N0105,25
E,N0333,N0316,80
E,N0109,N0932,78
E,N0954,N0288,32
E,N0400,N0497,11
E,N0980,N0288,87
E,N0985,N0782,57
E,N0870,N0787,73
E,N0518,N0049,7
E,N0947,N0215,88
E,N0749,N0912,35
E,N0982,N0861,115
E,N0954,N0223,93
E,N0748,N0826,111
E,N0089,N0759,92
E,N0127,N0526,71
E,N0020,N0855,23
E,N0438,N0287,84
E,N0622,N0157,14
E,N0679,N0275,14
E,N0344,N0546,71
E,N0570,N0897,42
E,N0280,N0674,89
E,N0587,N0840,113
E,N0798,N0826,6
E,N0252,N0646,105
E,N0684,N0445,11
E,N0006,N0579,63
E,N0855,N0522,115
E,N0370,N0412,26
E,N0961,N0612,82
E,N0188,N0642,94
E,N0586,N0300,47
E,N0753,N0833,10
E,N0278,N0084,38
E,N0434,N0159,17
E,N0883,N0032,22
E,N0245,N0498,5
E,N0141,N0120,28
E,N0909,N0757,110
E,N0501,N0215,5
E,N0221,N0450,98
E,N0142,N0249,120
E,N0322,N0100,69
E,N0846,N0010,74
E,N0853,N0871,33
E,N0022,N0934,60
E,N0743,N0994,9
E,N0112,N0950,15
E,N0300,N0464,70
E,N0097,N0866,91
E,N0405,N0083,113
E,N0717,N0668,109
E,N0374,N0825,12
E,N0236,N0474,103
E,N0572,N0091,25
E,N0906,N0361,92
E,N0194,N0147,56
E,N0399,N0756,68
E,N0003,N0434,44
E,N0521,N0810,19
E,N0086,N0530,90
E,N0062,N0081,114
E,N0239,N0680,24
E,N0235,N0493,32
E,N0633,N0274,11
E,N0792,N0933,112
E,N0149,N0033,61
E,N0307,N0246,8
E,N0779,N0250,41
E,N0835,N0153,36
E,N0723,N0690,9
E,N0237,N0855,109
E,N0086,N0583,48
E,N0444,N0424,107
E,N0478,N0807,104
E,N0295,N0680,38
E,N0469,N0798,48
E,N0369,N0549,82
E,N0770,N0942,31
E,N0629,N0840,52
E,N0159,N0556,112
E,N0154,N0580,22
E,N0899,N0563,92
E,N0327,N0116,45
E,N0652,N0068,15
E,N0564,N0059,29
E,N0514,N0156,37
E,N0684,N0286,13
E,N0802,N0811,71
E,N0353,N0152,119
E,N0927,N0013,32
E,N0525,N0127,46
E,N0722,N0534,24
E,N0118,N0038,104
E,N0033,N0921,85
E,N0425,N0044,97
E,N0900,N0273,101
E,N0397,N0540,84
E,N0196,N0314,48
E,N0550,N0024,34
E,N0926,N0444,14
E,N0272,N0044,33
E,N0908,N0933,101
E,N0037,N0945,19
E,N0612,N0500,10
E,N0932,N0556,120
E,N0657,N0859,47
E,N0021,N0748,81
E,N0521,N0084,94
E,N0676,N0948,94
E,N0148,N0206,30
E,N0524,N0665,12
E,N0501,N0124,17
E,N0789,N0904,32
E,N0377,N0564,94
E,N0361,N0900,19
E,N0178,N0733,70
E,N0916,N0408,57
E,N0222,N0322,35
E,N0762,N0082,7
E,N0861,N0723,58
E,N0686,N0700,88
E,N0939,N0333,42
E,N0850,N0223,28
E,N0287,N0346,56
E,N0672,N0704,89
E,N0549,N0360,24
E,N0293,N0444,71
E,N0141,N0661,52
E,N0994,N0093,24
E,N0448,N0797,54
E,N0029,N0776,89
E,N0850,N0239,13
E,N0925,N1000,19
E,N0406,N0401,44
E,N0748,N0628,82
E,N0727,N0809,95
E,N0413,N0359,14
E,N0918,N0813,3
E,N0607,N0781,79
E,N0182,N0034,39
E,N0889,N0085,116
E,N0312,N0301,67
E,N0933,N0670,68
E,N0995,N0786,105
E,N0128,N0985,57
E,N0098,N0654,47
E,N0636,N0638,56
E,N0415,N0517,58
E,N0734,N0947,81
E,N0376,N0045,87
E,N0890,N0918,113
E,N0470,N0133,74
E,N0221,N0124,11
E,N0868,N0959,10
E,N0769,N0198,37
E,N0043,N0143,32
E,N1000,N0142,88
E,N0932,N0453,8
E,N0971,N0250,5
E,N0320,N0631,94
E,N0676,N0497,76
E,N0077,N0439,76
E,N0923,N0098,68
E,N0531,N0393,67
E,N0669,N0419,86
E,N0427,N0417,76
E,N0122,N0017,34
E,N0111,N0859,110
E,N0641,N0742,22
E,N0765,N0865,55
E,N0673,N0466,46
E,N0226,N0899,47
E,N0617,N0206,81
E,N0285,N0258,51
E,N0385,N0333,13
E,N0762,N0148,84
E,N0204,N0781,69
E,N0355,N0831,90
E,N0018,N0178,84
E,N0382,N0091,25
E,N0158,N0932,46
E,N0773,N0281,75
E,N0651,N0966,23
E,N0604,N0533,22
E,N0075,N0224,20
E,N0008,N0488,16
E,N0165,N0021,19
E,N0515,N0118,32
E,N0510,N0863,90
E,N0852,N0001,90
E,N0966,N0755,85
E,N0100,N0880,64
E,N0052,N0892,4
E,N0700,N0912,89
E,N0044,N0866,46
E,N0310,N0843,77
E,N0324,N0184,101
E,N0994,N0763,118
E,N0214,N0099,38
E,N0156,N0274,96
E,N0759,N0168,34
E,N0547,N0375,13
E,N0825,N0835,14
E,N0980,N0251,82
E,N0825,N0179,36
E,N0759,N0052,48
E,N0520,N0868,46
E,N0079,N0608,11
E,N0030,N0826,17
E,N0912,N0405,117
E,N0442,N0351,95
E,N0652,N0572,20
E,N0507,N0136,9
E,N0129,N0704,76
E,N0605,N0450,103
E,N0100,N0364,107
E,N0377,N0863,91
E,N0220,N0866,29
E,N0707,N0186,92
E,N0885,N0732,61
E,N0850,N0393,95
E,N0943,N0551,69
E,N0940,N0128,72
E,N0926,N0725,67
E,N0447,N0882,11
E,N0977,N0664,53
E,N0562,N0910,102
E,N0273,N0812,46
E,N0226,N0941,57
E,N0151,N0543,79
E,N0435,N0806,36
E,N0791,N0178,34
E,N0178,N0899,99
E,N0696,N0176,99
E,N0700,N0754,23
E,N0367,N0980,91
E,N0348,N0975,26
E,N0294,N0570,12
E,N0117,N0383,44
E,N0359,N0989,83
E,N0111,N0950,110
E,N0797,N0370,41
E,N0780,N0918,78
E,N0549,N0299,48
E,N0940,N0582,48
E,N0562,N0800,58
E,N0280,N0897,41
E,N0086,N0423,49
E,N0180,N0099,30
E,N0032,N0516,82
E,N0253,N0055,30
E,N0004,N0122,17
E,N0270,N0760,82
E,N0350,N0348,59
E,N0295,N0299,27
E,N0005,N0202,101
E,N0300,N0646,68
E,N0457,N0865,51
E,N0510,N0117,47
E,N0418,N0917,12
E,N0511,N0909,3
E,N0016,N0602,91
E,N0569,N0046,60
E,N0550,N0993,93
E,N0804,N0181,79
E,N0766,N0674,26
E,N0075,N0968,85
E,N0289,N0146,7
E,N0355,N0638,60
E,N0197,N0950,88
E,N0773,N0967,16
E,N0278,N0021,88
E,N0676,N0789,99
E,N0542,N0469,83
E,N0626,N0538,11
E,N0721,N0949,76
E,N0320,N0333,17
E,N0252,N0999,100
E,N0596,N0883,39
E,N0311,N0350,98
E,N0368,N0535,76
E,N0159,N0831,60
E,N0356,N0811,62
E,N0758,N0598,30
E,N0396,N0896,66
E,N0192,N0878,104
E,N0118,N0768,31
E,N0979,N0218,115
E,N0437,N0304,82
E,N0108,N0866,11
E,N0274,N0468,7
E,N0108,N0396,27
E,N0488,N0851,11
E,N0627,N0834,48
E,N0761,N0847,12
E,N0042,N0076,44
E,N0367,N0147,90
E,N0413,N0903,67
E,N0471,N0129,47
E,N0116,N0214,119
E,N0775,N0880,16
E,N0170,N0428,103
E,N0642,N0064,98
E,N0715,N0858,51
E,N0300,N0655,79
E,N0798,N0504,67
E,N0544,N0741,5
E,N0569,N0011,66
E,N0715,N0778,54
E,N0949,N0932,87
E,N0571,N0557,6
E,N0723,N0814,13
E,N0680,N0016,66
E,N0163,N0442,17
E,N0657,N0711,28
E,N0517,N0862,16
E,N0429,N0046,53
E,N0354,N0808,87
E,N0984,N0727,84
E,N0500,N0395,107
E,N0290,N0547,26
E,N0496,N0466,53
E,N0073,N0525,106
E,N0313,N0793,103
E,N0639,N0697,44
E,N0226,N0507,103
E,N0859,N0929,85
E,N0411,N0443,99
E,N0095,N0966,5
E,N0635,N0905,73
E,N0600,N0239,98
E,N0905,N0704,91
E,N0117,N0234,119
E,N0037,N0235,39
E,N0993,N0108,110
E,N0386,N0647,10
E,N0309,N0101,109
E,N0584,N0415,58
E,N0238,N0090,119
E,N0364,N0120,70
E,N0016,N0921,12
E,N0960,N0367,59
E,N0496,N0120,8
E,N0045,N0623,12
E,N0449,N0371,69
E,N0625,N0933,24
E,N0603,N0899,31
E,N0924,N0044,65
E,N0102,N0700,101
E,N0392,N0134,115
E,N0772,N0234,27
E,N0237,N0095,4
E,N0594,N0236,46
E,N0899,N0533,73
E,N0068,N0896,57
E,N0216,N0845,32
E,N0659,N0177,117
E,N0971,N0162,93
E,N0191,N0667,63
E,N0136,N0698,39
E,N0976,N0054,72
E,N0476,N0591,90
E,N0586,N0808,47
E,N0710,N0446,91
E,N0837,N0712,96
E,N0120,N0486,67
E,N0305,N0930,79
E,N0012,N0083,11
E,N0205,N0379,73
E,N0063,N0390,77
E,N0660,N0681,90
E,N0731,N0866,39
E,N0851,N0298,11
E,N0301,N0242,113
E,N0317,N0648,83
E,N0934,N0657,47
E,N0384,N0323,106
E,N0362,N0394,109
E,N0674,N0729,67
E,N0204,N0524,85
E,N0620,N0920,117
E,N0779,N0438,70
E,N0430,N0140,33
E,N0247,N0752,57
E,N0603,N0336,104
E,N0846,N0736,9
E,N0221,N0921,106
E,N0355,N0319,16
E,N0909,N0551,78
E,N0607,N0695,65
E,N0626,N0095,75
E,N0308,N0725,46
E,N0917,N0581,23
E,N0092,N0921,119
E,N0750,N0534,21
E,N0885,N0031,23
E,N0450,N0880,16
E,N0867,N0348,86
E,N0873,N0197,20
E,N0507,N0022,32
E,N0141,N0589,102
E,N0738,N0517,37
E,N0726,N0382,53
E,N0983,N0031,40
E,N0845,N0577,22
E,N0240,N0003,12
E,N0245,N0026,20
E,N0655,N0311,14
E,N0078,N0956,45
E,N0931,N0201,71
E,N0572,N0441,84
E,N0809,N0229,14
E,N0420,N0365,91
E,N0296,N0192,12
E,N0385,N0462,47
E,N0939,N0140,14
E,N0747,N0557,94
E,N0298,N0856,115
E,N0300,N0481,33
E,N0411,N0966,75
E,N0672,N0299,53
E,N0542,N0918,94
E,N0749,N0343,112
E,N0837,N0664,52
E,N0516,N0533,65
E,N0722,N0777,112
E,N0321,N0090,96
E,N0238,N0670,115
E,N0713,N0180,78
E,N0022,N0114,12
E,N0043,N0465,90
E,N0747,N0422,20
E,N0281,N0168,22
E,N0780,N0358,14
E,N0401,N0536,5
E,N0930,N0563,78
E,N0790,N0802,82
E,N0207,N0139,94
E,N0273,N0244,31
E,N0368,N0513,64
E,N0654,N0424,115
E,N0163,N0761,69
E,N0950,N0071,46
E,N0202,N0383,104
E,N0562,N0638,59
E,N0528,N0194,16
E,N0037,N0655,74
E,N0939,N0550,21
E,N0874,N0209,69
E,N0849,N0385,7
E,N0463,N0143,102
E,N0428,N0936,76
E,N0599,N0651,77
E,N0485,N0455,91
E,N0775,N0292,109
E,N0590,N0470,40
E,N0253,N0554,47
E,N0013,N0094,26
E,N0938,N0622,95
E,N0784,N0686,74
E,N0264,N0514,56
E,N0264,N0299,7
E,N0823,N0911,40
E,N0999,N0942,25
E,N0461,N0450,110
E,N0008,N0629,72
E,N0600,N0858,19
E,N0131,N0377,28
E,N0320,N0589,80
E,N0203,N0371,26
E,N0929,N0580,40
E,N0220,N0467,65
E,N0770,N0751,42
E,N0775,N0270,28
E,N0386,N0117,96
E,N0497,N0536,20
E,N0534,N0940,26
E,N0756,N0682,88
E,N0325,N0618,86
E,N0058,N0179,11
E,N0206,N0832,28
E,N0164,N0637,95
E,N0039,N0573,43
E,N0594,N0681,47
E,N0942,N0226,99
E,N0542,N0907,97
E,N0649,N0712,73
E,N0918,N0424,83
E,N0163,N0610,97
E,N0736,N0032,28
E,N0298,N0794,24
E,N0053,N0546,22
E,N0679,N0014,111
E,N0283,N0122,113
E,N0138,N0373,102
E,N0177,N0657,99
E,N0233,N0718,76
E,N0338,N0411,42
E,N0502,N0167,43
E,N0956,N0815,57
E,N0048,N0522,29
E,N0667,N0602,62
E,N0854,N0428,83
E,N0438,N0245,7
E,N0618,N0720,108
E,N0588,N0469,98
E,N0729,N0368,65
E,N0646,N0255,61
E,N0973,N0266,114
E,N0724,N0632,94
E,N0929,N0578,68
E,N0081,N0550,66
E,N0084,N0902,63
E,N0070,N0131,82
E,N0323,N0411,63
E,N0104,N0673,109
E,N0001,N0811,73
E,N0343,N0658,40
E,N0593,N0044,18
E,N0274,N0422,76
E,N0914,N0906,116
E,N0859,N0216,76
E,N0040,N0013,54
E,N0844,N0116,30
E,N0861,N0276,70
E,N0739,N0482,23
E,N0454,N0024,111
E,N0151,N0771,117
E,N0676,N0851,27
E,N0282,N0053,40
E,N0650,N0762,77
E,N0469,N0153,41
E,N0100,N0013,6
E,N0920,N0398,48
E,N0371,N0610,66
E,N0688,N0258,57
E,N0093,N0857,75
E,N0735,N0973,115
E,N0280,N0946,74
E,N0730,N0858,66
E,N0464,N0979,74
E,N0986,N0796,52
E,N0988,N0280,18
E,N0200,N0553,16
E,N0783,N0596,10
E,N0580,N0278,99
E,N0046,N0329,73
E,N0098,N0970,5
E,N0938,N0796,30
E,N0446,N0286,84
E,N0281,N0608,104
E,N0383,N0152,80
E,N0202,N0151,47
E,N0330,N0641,55
E,N0929,N0718,13
E,N0727,N0689,120
E,N0268,N0199,33
E,N0442,N0454,120
E,N0474,N0017,47
E,N0975,N0544,41
E,N0307,N0452,109
E,N0499,N0184,103
E,N0007,N0664,71
E,N0187,N0557,83
E,N0450,N0855,91
E,N0652,N0788,64
E,N0650,N0698,106
E,N0510,N0863,69
E,N0668,N0661,102
E,N0868,N0433,111
E,N0629,N0165,89
E,N0259,N0932,59
E,N0602,N0297,58
E,N0986,N0905,112
E,N0439,N0172,59
E,N0394,N0615,6
E,N0661,N0189,81
E,N0232,N0366,88
E,N0478,N0876,18
E,N0773,N0734,5
E,N0807,N0809,15
E,N0282,N0936,111
E,N0873,N0715,7
E,N0657,N0558,3
E,N0747,N0597,88
E,N0949,N0043,53
E,N0063,N0053,4
E,N0923,N0350,16
E,N0691,N0515,97
E,N0728,N0183,102
E,N0979,N0857,97
E,N0445,N0516,113
E,N0607,N0691,32
E,N0735,N0671,95
E,N0734,N0592,68
E,N0761,N0913,14
E,N0569,N0578,118
E,N0687,N0769,59
E,N0251,N0455,108
E,N0896,N0262,70
E,N0820,N0362,95
E,N0052,N0031,107
E,N0009,N0157,42
E,N0121,N0555,39
E,N0607,N0104,15
E,N0471,N0270,75
E,N0766,N0714,67
E,N0601,N0916,89
E,N0657,N0057,58
E,N0813,N0481,110
E,N0497,N0598,108
E,N0870,N0126,76
E,N0029,N0944,87
E,N0646,N0422,65
E,N0481,N0569,28
E,N0178,N0739,5
E,N0854,N0461,84
E,N0418,N0542,45
E,N0589,N0127,114
E,N0972,N0406,74
E,N0601,N0798,98
E,N0873,N0121,3
E,N0420,N0106,89
E,N0101,N0574,56
E,N0067,N0730,92
E,N0424,N0080,68
E,N0438,N0757,116
E,N0343,N0791,55
E,N0369,N0896,62
E,N0418,N0483,25
E,N0397,N0228,79
E,N0898,N0698,111
E,N0525,N0930,33
E,N0018,N0903,62
E,N0976,N0612,116
E,N0362,N0979,86
E,N0341,N0359,38
E,N0196,N0921,68
E,N0846,N0748,58
E,N0775,N0117,24
E,N0249,N0140,78
E,N0197,N0184,75
E,N0110,N0192,86
E,N0254,N0888,30
E,N0162,N0274,88
E,N0257,N0549,98
E,N0024,N0647,44
E,N0890,N0855,85
E,N0700,N0408,97
E,N0489,N0829,79
E,N0435,N0144,67
E,N0273,N0242,17
E,N0255,N0252,81
E,N0193,N0100,20
E,N0120,N0927,19
E,N0184,N0761,38
E,N0405,N0213,13
E,N0142,N0112,85
E,N0099,N0930,14
E,N0990,N0278,62
E,N0523,N0814,87
E,N0038,N0716,99
E,N0036,N0314,120
E,N0341,N0091,72
E,N0263,N0619,75
E,N0673,N0104,9
E,N0117,N0424,29
E,N0513,N0155,95
E,N0933,N0135,43
E,N0710,N0823,36
E,N0459,N0208,65
E,N0483,N0723,101
E,N0587,N0432,32
E,N0472,N0311,90
E,N0639,N0743,110
E,N0344,N0055,19
E,N0966,N0802,82
E,N0489,N0642,116
E,N0612,N0674,94
E,N0005,N0962,46
E,N0065,N0784,61
E,N0419,N0135,38
E,N0181,N0573,29
E,N0975,N0464,35
E,N0265,N0838,13
E,N0078,N0539,115
E,N0076,N0193,31
E,N0465,N0382,26
E,N0398,N0334,45
E,N0929,N0918,85
E,N0664,N0716,42
E,N0089,N0932,43
E,N0817,N0415,5
E,N0108,N0299,32
E,N0362,N0908,107
E,N0249,N0962,91
E,N0748,N0536,70
E,N0133,N0216,45
E,N0461,N0442,16
E,N0774,N0045,49
E,N0432,N0930,92
E,N0101,N0016,47
E,N0854,N0351,17
E,N0919,N0618,68
E,N0289,N0061,33
E,N0940,N0563,80
E,N0713,N0589,4
E,N0173,N0128,23
E,N0963,N0871,78
E,N0018,N0369,88
E,N0896,N0672,46
E,N0282,N0998,13
E,N0444,N0876,8
E,N0073,N0173,23
E,N0966,N0107,3
E,N0488,N0563,56
E,N0730,N0329,79
E,N0762,N0683,37
E,N0998,N0015,3
E,N0351,N0015,35
E,N0247,N0267,26
E,N0669,N0245,42
E,N0720,N0755,5
E,N0624,N0471,20
E,N0465,N0192,110
E,N0386,N0774,14
E,N0254,N0294,71
E,N0129,N0846,49
E,N0170,N0644,117
E,N0563,N0471,21
E,N0808,N0129,46
E,N0615,N0862,25
E,N0943,N0151,78
E,N0393,N0872,74
E,N0784,N0963,40
E,N0992,N0903,50
E,N0095,N0088,76
E,N0285,N0293,44
E,N0681,N0716,116
E,N0297,N0170,43
E,N0379,N0121,97
E,N0495,N0193,108
E,N0464,N0139,59
E,N0382,N0368,13
E,N0238,N0649,5
E,N0949,N0080,76
E,N0644,N0825,6
E,N0491,N0594,81
E,N0561,N0958,79
E,N0431,N0531,90
E,N0053,N0910,51
E,N0615,N0108,50
E,N0519,N0908,50
E,N0010,N0061,107
E,N0156,N0883,91
E,N0463,N0462,29
E,N0769,N0844,58
E,N0651,N0352,11
E,N0927,N0612,56
E,N0422,N0558,14
E,N0347,N0968,25
E,N0486,N0412,91
E,N0004,N0619,23
E,N0425,N0112,74
E,N0329,N0657,17
E,N0488,N0893,94
E,N0957,N0546,4
E,N0287,N0902,119
E,N0539,N0514,22
E,N0811,N0687,98
E,N0177,N0049,82
E,N0949,N0874,85
E,N0065,N0191,110
E,N0779,N0114,7
E,N0253,N0226,9
E,N0516,N0001,7
E,N0092,N0861,38
E,N0861,N0805,74
E,N0200,N0644,59
E,N0969,N0759,51
E,N0053,N0321,102
E,N0712,N0579,35
E,N0393,N0655,28
E,N0691,N0386,24
E,N0406,N0811,17
E,N0773,N0471,119
E,N0125,N0782,28
E,N0300,N0446,87
E,N0256,N0961,99
E,N0897,N0598,22
E,N0408,N0032,8
E,N0489,N0829,110
E,N0028,N0238,7
E,N0073,N0791,58
E,N0793,N0596,74
E,N0244,N0900,117
E,N0199,N0153,110
E,N0299,N0057,97
E,N0432,N0686,15
E,N0624,N0758,24
E,N0008,N0586,93
E,N0744,N0808,83
E,N0972,N0576,32
E,N0948,N0898,51
E,N0723,N0077,35
E,N0316,N0090,73
E,N0730,N0253,3
E,N0828,N0862,15
E,N0727,N0936,23
E,N0590,N0589,113
E,N0720,N0126,71
E,N0412,N0298,19
E,N0887,N0659,43
E,N0500,N0071,105
E,N0343,N0750,4
E,N0328,N0816,9
E,N0171,N0211,8
E,N0407,N0662,94
E,N0339,N0636,9
E,N0603,N0588,20
E,N0669,N0988,32
E,N0083,N0822,9
E,N0503,N0297,28
E,N0421,N0213,23
E,N0993,N0759,97
E,N0132,N0121,82
E,N0617,N0179,98
E,N0807,N0621,26
E,N0256,N0386,109
E,N0469,N0751,95
E,N0168,N0365,40
E,N0966,N0641,89
E,N0681,N0398,21
E,N0477,N0932,74
E,N0662,N0942,49
E,N0466,N0585,43
E,N0965,N0931,37
E,N0805,N0308,26
E,N0269,N0878,60
E,N0890,N0484,102
E,N0728,N0509,28
E,N0214,N0710,41
E,N0077,N0548,49
E,N0374,N0514,16
E,N0902,N0848,92
E,N0762,N0546,102
E,N0664,N0919,115
E,N0698,N0704,66
E,N0564,N0296,71
E,N0080,N0205,106
E,N0763,N0639,11
E,N0188,N0952,14
E,N0576,N0504,32
E,N0485,N0115,120
E,N0912,N0845,79
E,N0526,N0920,76
E,N0881,N0498,23
E,N0872,N0458,106
E,N0755,N0600,120
E,N0577,N0921,119
E,N0931,N0129,93
E,N0853,N0868,69
E,N0748,N0652,31
E,N0690,N0144,86
E,N0994,N0597,120
E,N0812,N0183,12
E,N0065,N0052,74
E,N0801,N0183,110
E,N0077,N0815,103
E,N0286,N0963,82
E,N0843,N0732,18
E,N0366,N0473,85
E,N0406,N0437,58
E,N0089,N0549,7
E,N0395,N0004,107
E,N0580,N0387,81
E,N0501,N0623,106
E,N0162,N0259,80
E,N0878,N0747,115
E,N0296,N0565,17
E,N0140,N0062,43
E,N0075,N0087,84
E,N0019,N0674,48
E,N0409,N0807,107
E,N0035,N0959,112
E,N0161,N0746,21
E,N0679,N0217,112
E,N0617,N0603,11
E,N0989,N0538,96
E,N0991,N0346,103
E,N0644,N0552,116
E,N0592,N0412,25
E,N0939,N0512,39
E,N0620,N0697,42
E,N0038,N0306,29
E,N0723,N0574,50
E,N0598,N0107,102
E,N0859,N0261,89
E,N0526,N0605,109
E,N0827,N0733,103
E,N0991,N0050,50
E,N0308,N0975,47
E,N0574,N0154,103
E,N0504,N0800,37
E,N0853,N0775,22
E,N0526,N0126,8
E,N0833,N0803,116
E,N0044,N0489,14
E,N0303,N0950,71
E,N0469,N0574,62
E,N0805,N0726,73
E,N0101,N0479,22
E,N0058,N0082,109
E,N0953,N0530,101
E,N0767,N0133,48
E,N0208,N0045,30
E,N0559,N0355,109
E,N0620,N0779,40
E,N0161,N0566,85
E,N0298,N0148,31
E,N0199,N0095,119
E,N0552,N0594,89
E,N0988,N0328,13
E,N0960,N0091,67
E,N0929,N0697,48
E,N0556,N0023,17
E,N0922,N0426,53
E,N0496,N0341,19
E,N0512,N0057,8
E,N0896,N0139,13
E,N0765,N0063,118
E,N0614,N0717,7
E,N0484,N0984,72
E,N0650,N0411,16
E,N0480,N0754,116
E,N0340,N0955,103
E,N0451,N0844,53
E,N0489,N0450,107
E,N0721,N0588,6
E,N0173,N0836,11
E,N0364,N0318,42
E,N0049,N0540,12
E,N0458,N0332,68
E,N0808,N0971,14
E,N0801,N0560,70
E,N0561,N0379,78
E,N0496,N0933,38
E,N0578,N0719,69
E,N0929,N0520,104
E,N0084,N0246,118
E,N0365,N0022,62
E,N0681,N0403,13
E,N0759,N0718,19
E,N0361,N0826,67
E,N0478,N0374,77
E,N0838,N0555,106
E,N0121,N0477,31
E,N0425,N0277,78
E,N0232,N0575,103
E,N0026,N0388,90
E,N0733,N0223,15
E,N0236,N0081,60
E,N0889,N0125,75
E,N0031,N0201,51
E,N0792,N0319,58
E,N0174,N0396,116
E,N0469,N0626,52
E,N0476,N0712,54
E,N0108,N0453,81
E,N0740,N0635,35
E,N0458,N0854,36
E,N0583,N0113,3
E,N0625,N0027,81
E,N0616,N0592,88
E,N0903,N0453,37
E,N0608,N0388,111
E,N0525,N0850,56
E,N0631,N0004,44
E,N0236,N0351,52
E,N0022,N0380,83
E,N0751,N0747,12
E,N0135,N0359,8
E,N0168,N0486,41
E,N0255,N0634,37
E,N0880,N0204,71
E,N0526,N0157,36
E,N0483,N0680,56
E,N0301,N0065,22
E,N0071,N0896,84
E,N0454,N0682,104
E,N0974,N0618,65
E,N0661,N0655,113
E,N0962,N0621,90
E,N0639,N0865,13
E,N0524,N0896,102
E,N0175,N0937,80
E,N0913,N0641,9
E,N0709,N0535,66
E,N0418,N0624,95
E,N0907,N0430,58
E,N0056,N0489,28
E,N0030,N0283,116
E,N0322,N0737,88
E,N0050,N0307,73
E,N0963,N0256,65
E,N0403,N0007,112
E,N0008,N0905,95
E,N0771,N0339,103
E,N0873,N0055,20
E,N0137,N0685,109
E,N0738,N0478,64
E,N0868,N0132,75
E,N0052,N0620,18
E,N0041,N0834,50
E,N0514,N0479,115
E,N0789,N0866,105
E,N0483,N0182,28
E,N0638,N0310,120
E,N0441,N0315,74
E,N0355,N0773,28
E,N0540,N0603,75
E,N0124,N0126,93
E,N0082,N0567,41
E,N0116,N0992,43
E,N0616,N0434,29
E,N0099,N0401,95
E,N0786,N0991,44
E,N0307,N0030,104
E,N0174,N0410,5
E,N0199,N0082,55
E,N0269,N0123,78
E,N0497,N0010,9
E,N0539,N0863,40
E,N0178,N0062,112
E,N0795,N0442,94
E,N0974,N0957,101
E,N0290,N0601,83
E,N0151,N0155,80
E,N0575,N0743,29
E,N0926,N0450,26
E,N0747,N0115,94
E,N0289,N0852,48
E,N0785,N0110,18
E,N0407,N0401,86
E,N0985,N0935,45
E,N0243,N0909,100
E,N0594,N0941,4
E,N0988,N0820,56
E,N0041,N0793,111
E,N0360,N0795,77
E,N0822,N0374,106
E,N0304,N0801,75
E,N0023,N0793,111
E,N0311,N0507,118
E,N0687,N0418,15
E,N0064,N0536,45
E,N0816,N0411,71
E,N0704,N0039,106
E,N0449,N0240,33
E,N0341,N0246,71
E,N0904,N0921,94
E,N0632,N0172,72
E,N0036,N0315,95
E,N0557,N0719,60
E,N0758,N0576,61
E,N0749,N0671,109
E,N0771,N0610,6
E,N0690,N0737,111
E,N0641,N0895,96
E,N0483,N0420,41
E,N0353,N0542,51
E,N0606,N0714,52
E,N0742,N0328,17
E,N0046,N0133,120
E,N0226,N0908,64
E,N0220,N0621,66
E,N0487,N0355,67
E,N0149,N0933,96
E,N0843,N0175,77
E,N0313,N0805,24
E,N0995,N0747,16
E,N0506,N0280,73
E,N0637,N0200,12
E,N0857,N0668,74
E,N0629,N0638,39
E,N0696,N0581,39
E,N0236,N0428,67
E,N0577,N0842,94
E,N0802,N0823,34
E,N0362,N0400,37
E,N0715,N0240,75
E,N0840,N0248,100
E,N0272,N0807,62
E,N0015,N0513,31
E,N0271,N0633,6
E,N0565,N0977,62
E,N0695,N0644,80
E,N0685,N0180,70
E,N0944,N0518,112
E,N0863,N0489,25
E,N0298,N0877,89
E,N0475,N0764,64
E,N0779,N0361,4
E,N0462,N0086,108
E,N0389,N0262,8
E,N0971,N0697,96
E,N0293,N0002,29
E,N0984,N0489,62
E,N0039,N0534,50
E,N0103,N0745,12
E,N0839,N0399,59
E,N0383,N0584,56
E,N0831,N0472,64
E,N0068,N0916,29
E,N0027,N0762,33
E,N0022,N0088,44
E,N0751,N0810,37
E,N0866,N0565,24
E,N0416,N0090,99
E,N0515,N0882,62
E,N0271,N0389,20
E,N0865,N0802,14
E,N0307,N0216,97
E,N0879,N0013,71
E,N0003,N0682,92
E,N0414,N0278,120
E,N0713,N0440,97
E,N0218,N0107,65
E,N0095,N0930,106
E,N0049,N0351,31
E,N0903,N0301,37
E,N0602,N0212,84
E,N0746,N0279,16
E,N0768,N0960,31
E,N0063,N0795,101
E,N0505,N0389,28
E,N0672,N0005,112
E,N0777,N0589,62
E,N0278,N0325,13
E,N0948,N0394,112
E,N0463,N0335,53
E,N0712,N0489,86
E,N0129,N0309,114
E,N0346,N0765,27
E,N0389,N0862,72
E,N0639,N0027,101
E,N0324,N0094,111
E,N0358,N0682,55
E,N0607,N0278,57
E,N0572,N0139,40
E,N0014,N0664,43
E,N0013,N0727,41
E,N0451,N0287,34
E,N0895,N0207,94
E,N0665,N0763,79
E,N0872,N0094,40
E,N0859,N0276,118
E,N0039,N0294,12
E,N0738,N0741,14
E,N0065,N0161,12
E,N0308,N0929,17
E,N0756,N0747,80
E,N0095,N0493,117
E,N0162,N0426,98
E,N0976,N0541,68
E,N0126,N0085,78
E,N0093,N0619,86
E,N0997,N0522,70
E,N0621,N0062,101
E,N0077,N0049,61
E,N0748,N0161,54
E,N0750,N0390,15
E,N0280,N0178,36
E,N0308,N0221,73
E,N0165,N0311,60
E,N0942,N0109,39
E,N0579,N0478,109
E,N0037,N0050,75
E,N0916,N0685,118
E,N0620,N0792,17
E,N0216,N0966,23
E,N0949,N0027,110
E,N0184,N0150,56
E,N0484,N0114,101
E,N0754,N0613,28
E,N0702,N0530,33
E,N0114,N0922,48
E,N0944,N0174,40
E,N0325,N0054,81
E,N0096,N0853,3
E,N0515,N0773,30
E,N0538,N0517,41
E,N0073,N0373,3
E,N0829,N0161,71
E,N0427,N0101,120
E,N0443,N0815,97
E,N0577,N0077,34
E,N0659,N0662,115
E,N0628,N0037,95
E,N0806,N0553,32
E,N0361,N0198,70
E,N0618,N0112,3
E,N0659,N0932,67
E,N0183,N0535,50
E,N0127,N0545,21
E,N0256,N0495,103
E,N0822,N0173,91
E,N0344,N0553,76
E,N0014,N0933,28
E,N0858,N0208,95
E,N0692,N0434,5
E,N0103,N0042,38
E,N0548,N0973,17
E,N0605,N0416,97
E,N0575,N0854,82
E,N0286,N0428,95
E,N0414,N0723,56
E,N0595,N0950,77
E,N0803,N0710,20
E,N0545,N0782,108
E,N0068,N0180,103
E,N0323,N0230,6
E,N0815,N0543,96
E,N0299,N0703,88
E,N0122,N0283,105
E,N0698,N0241,14
E,N0398,N0855,103
E,N0995,N0731,79
E,N0048,N0332,64
E,N0369,N0562,110
E,N0759,N0711,61
E,N0930,N0212,100
E,N0594,N0240,45
E,N0767,N0709,84
E,N0178,N0143,26
E,N0024,N0319,100
E,N0164,N0715,109
E,N0598,N0832,52
E,N0202,N0931,81
E,N0844,N0068,58
E,N0649,N0013,99
E,N0092,N0213,7
E,N0686,N0801,50
E,N0283,N0549,85
E,N0496,N0203,47
E,N0631,N0157,83
E,N0775,N0463,35
E,N0028,N0563,95
E,N0892,N0248,13
E,N0441,N0413,99
E,N0850,N0678,105
E,N0091,N0334,59
E,N0298,N0113,51
E,N0047,N0703,60
E,N0916,N0427,119
E,N0197,N0051,60
E,N0611,N0283,120
E,N0438,N0719,62
E,N0535,N0472,32
E,N0071,N0166,68
E,N0530,N0404,120
E,N0310,N0347,27
E,N0925,N0997,12
E,N0196,N0750,48
E,N0070,N0579,72
E,N0920,N0966,23
E,N0565,N0636,57
E,N0189,N0377,112
E,N0837,N0592,19
E,N0955,N0575,6
E,N0735,N0830,14
E,N0535,N0846,69
E,N0386,N0741,87
E,N0747,N0132,105
E,N0653,N0301,29
E,N0902,N0201,75
E,N0257,N0364,45
E,N0968,N0979,108
E,N0805,N0807,13
E,N0639,N0197,6
E,N0470,N0417,39
E,N0211,N0900,9
E,N0045,N0405,74
E,N0462,N0071,101
E,N0392,N0861,60
E,N0650,N0960,19
E,N0491,N0439,66
E,N0794,N0632,45
E,N0639,N0035,72
E,N0874,N0369,120
E,N0474,N0246,111
E,N0748,N0976,117
E,N0609,N0691,49
E,N0188,N0280,11
E,N0473,N0925,88
E,N0317,N0808,36
E,N0855,N0171,51
E,N0189,N0899,9
E,N0235,N0328,119
E,N0783,N0317,26
E,N0578,N0304,114
E,N0550,N0764,44
E,N0339,N0916,112
E,N0222,N0448,98
E,N0579,N0742,37
E,N0506,N0354,17
E,N0685,N0109,89
E,N0414,N0231,30
E,N0577,N0192,114
E,N0510,N0330,92
E,N0570,N0531,69
E,N0304,N0622,91
E,N0306,N0839,6
E,N0669,N0726,31
E,N0436,N0161,107
E,N0948,N0100,60
E,N0683,N0273,72
E,N0489,N0897,33
E,N0215,N0321,116
E,N0715,N0947,29
E,N0828,N0978,30
E,N0372,N0663,99
E,N0231,N0594,38
E,N0183,N0763,25
E,N0892,N0391,92
E,N0687,N0415,81
E,N0999,N0312,118
E,N0432,N0002,78
E,N0839,N0019,70
E,N0781,N0791,47
E,N0233,N0915,90
E,N0813,N0802,67
E,N0534,N0829,11
E,N0723,N0322,67
E,N0036,N0368,4
E,N0444,N0566,15
E,N0732,N0246,3
E,N0396,N0596,62
E,N0216,N0628,107
E,N0406,N0894,49
E,N0276,N0018,45
E,N0154,N0596,27
E,N0758,N0762,75
E,N0782,N0179,28
E,N0648,N0882,103
E,N0391,N0996,69
E,N0564,N0767,9
E,N0619,N0029,116
E,N0751,N0239,23
E,N0689,N0057,77
E,N0851,N0470,54
E,N0951,N0573,92
E,N0679,N0553,91
E,N0314,N0877,65
E,N0055,N0357,106
E,N0976,N0647,25
E,N0885,N0279,50
E,N0671,N0063,66
E,N0837,N0630,60
E,N0788,N0610,41
E,N0145,N0485,37
E,N0920,N0250,94
E,N0524,N0074,12
E,N0946,N0507,85
E,N0393,N0478,61
E,N0138,N0091,4
E,N0759,N0456,66
E,N0815,N0136,59
E,N0618,N0477,101
E,N0247,N0374,19
E,N0311,N0313,90
E,N0980,N0802,120
E,N0867,N0476,32
E,N0368,N0263,23
E,N0557,N0325,85
E,N0643,N0189,96
E,N0574,N0158,43
E,N0594,N0777,26
E,N0879,N0815,56
E,N0677,N0635,75
E,N0991,N0707,116
E,N0815,N0653,112
E,N0746,N0260,91
E,N0730,N0221,21
E,N0735,N0671,87
E,N0967,N0799,14
E,N0225,N0565,67
E,N0033,N0072,66
E,N0753,N0424,90
E,N0194,N0868,8
E,N0070,N0006,31
E,N0942,N0400,68
E,N0295,N0834,25
E,N0687,N0108,27
E,N0921,N0970,19
E,N0148,N0522,69
E,N0789,N0142,42
E,N0212,N0504,99
E,N0704,N0296,99
E,N0032,N0538,25
E,N0717,N0656,112
E,N0858,N0209,74
E,N0421,N0323,116
E,N0017,N0871,117
E,N0318,N0437,13
E,N0772,N0202,120
E,N0708,N0822,65
E,N0827,N0310,115
E,N0451,N0036,34
E,N0480,N0753,106
E,N0387,N0850,84
E,N0712,N0368,34
E,N0522,N0193,11
E,N0296,N0585,23
E,N0217,N0153,97
E,N0943,N0895,17
E,N0966,N0302,83
E,N0281,N0841,93
E,N0802,N0213,31
E,N0885,N0307,10
E,N0307,N0157,66
E,N0173,N0755,14
E,N0737,N0138,81
E,N0579,N0053,80
E,N0191,N0908,89
E,N0194,N0284,101
E,N0631,N0507,7
E,N0640,N0811,36
E,N0633,N0600,16
E,N0667,N0489,79
E,N0520,N0357,28
E,N0783,N0756,14
E,N0492,N0845,50
E,N0027,N0437,84
E,N0365,N0552,101
