type,u,v
E,1,2
E,2,3
E,3,4
E,4,5
E,5,6
E,6,7
E,7,8
E,8,9
E,9,10
E,10,11
E,11,12
E,12,13
E,13,14
E,14,15
E,15,16
E,16,17
E,17,18
E,18,19
E,19,20
E,20,21
E,21,22
E,22,23
E,23,24
E,24,25
E,25,26
E,26,27
E,27,28
E,28,29
E,29,30
E,30,31
E,31,32
E,32,33
E,33,34
E,34,35
E,35,36
E,36,37
E,37,38
E,38,39
E,39,40
E,40,41
E,41,42
E,42,43
E,43,44
E,44,45
E,45,46
E,46,47
E,47,48
E,48,49
E,49,50
E,50,51
E,51,52
E,52,53
E,53,54
E,54,55
E,55,56
E,56,57
E,57,58
E,58,59
E,59,60
E,60,61
E,61,62
E,62,63
E,63,64
E,64,65
E,65,66
E,66,67
E,67,68
E,68,69
E,69,70
E,70,71
E,71,72
E,72,73
E,73,74
E,74,75
E,75,76
E,76,77
E,77,78
E,78,79
E,79,80
E,80,81
E,81,82
E,82,83
E,83,84
E,84,85
E,85,86
E,86,87
E,87,88
E,88,89
E,89,90
E,90,91
E,91,92
E,92,93
E,93,94
E,94,95
E,95,96
E,96,97
E,97,98
E,98,99
E,99,100
E,100,101
E,101,102
E,102,103
E,103,104
E,104,105
E,105,106
E,106,107
E,107,108
E,108,109
E,109,110
E,110,111
E,111,112
E,112,113
E,113,114
E,114,115
E,115,116
E,116,117
E,117,118
E,118,119
E,119,120
E,120,121
E,121,122
E,122,123
E,123,124
E,124,125
E,125,126
E,126,127
E,127,128
E,128,129
E,129,130
E,130,131
E,131,132
E,132,133
E,133,134
E,134,135
E,135,136
E,136,137
E,137,138
E,138,139
E,139,140
E,140,141
E,141,142
E,142,143
E,143,144
E,144,145
E,145,146
E,146,147
E,147,148
E,148,149
E,149,150
E,150,151
E,151,152
E,152,153
E,153,154
E,154,155
E,155,156
E,156,157
E,157,158
E,158,159
E,159,160
E,160,161
E,161,162
E,162,163
E,163,164
E,164,165
E,165,166
E,166,167
E,167,168
E,168,169
E,169,170
E,170,171
E,171,172
E,172,173
E,173,174
E,174,175
E,175,176
E,176,177
E,177,178
E,178,179
E,179,180
E,180,181
E,181,182
E,182,183
E,183,184
E,184,185
E,185,186
E,186,187
E,187,188
E,188,189
E,189,190
E,190,191
E,191,192
E,192,193
E,193,194
E,194,195
E,195,196
E,196,197
E,197,198
E,198,199
E,199,200
E,200,201
E,201,202
E,202,203
E,203,204
E,204,205
E,205,206
E,206,207
E,207,208
E,208,209
E,209,210
E,210,211
E,211,212
E,212,213
E,213,214
E,214,215
E,215,216
E,216,217
E,217,218
E,218,219
E,219,220
E,220,221
E,221,222
E,222,223
E,223,224
E,224,225
E,225,226
E,226,227
E,227,228
E,228,229
E,229,230
E,230,231
E,231,232
E,232,233
E,233,234
E,234,235
E,235,236
E,236,237
E,237,238
E,238,239
E,239,240
E,240,241
E,241,242
E,242,243
E,243,244
E,244,245
E,245,246
E,246,247
E,247,248
E,248,249
E,249,250
E,250,251
E,251,252
E,252,253
E,253,254
E,254,255
E,255,256
E,256,257
E,257,258
E,258,259
E,259,260
E,260,261
E,261,262
E,262,263
E,263,264
E,264,265
E,265,266
E,266,267
E,267,268
E,268,269
E,269,270
E,270,271
E,271,272
E,272,273
E,273,274
E,274,275
E,275,276
E,276,277
E,277,278
E,278,279
E,279,280
E,280,281
E,281,282
E,282,283
E,283,284
E,284,285
E,285,286
E,286,287
E,287,288
E,288,289
E,289,290
E,290,291
E,291,292
E,292,293
E,293,294
E,294,295
E,295,296
E,296,297
E,297,298
E,298,299
E,299,300
E,300,301
E,301,302
E,302,303
E,303,304
E,304,305
E,305,306
E,306,307
E,307,308
E,308,309
E,309,310
E,310,311
E,311,312
E,312,313
E,313,314
E,314,315
E,315,316
E,316,317
E,317,318
E,318,319
E,319,320
E,320,321
E,321,322
E,322,323
E,323,324
E,324,325
E,325,326
E,326,327
E,327,328
E,328,329
E,329,330
E,330,331
E,331,332
E,332,333
E,333,334
E,334,335
E,335,336
E,336,337
E,337,338
E,338,339
E,339,340
E,340,341
E,341,342
E,342,343
E,343,344
E,344,345
E,345,346
E,346,347
E,347,348
E,348,349
E,349,350
E,350,351
E,351,352
E,352,353
E,353,354
E,354,355
E,355,356
E,356,357
E,357,358
E,358,359
E,359,360
E,360,361
E,361,362
E,362,363
E,363,364
E,364,365
E,365,366
E,366,367
E,367,368
E,368,369
E,369,370
E,370,371
E,371,372
E,372,373
E,373,374
E,374,375
E,375,376
E,376,377
E,377,378
E,378,379
E,379,380
E,380,381
E,381,382
E,382,383
E,383,384
E,384,385
E,385,386
E,386,387
E,387,388
E,388,389
E,389,390
E,390,391
E,391,392
E,392,393
E,393,394
E,394,395
E,395,396
E,396,397
E,397,398
E,398,399
E,399,400
E,400,401
E,401,402
E,402,403
E,403,404
E,404,405
E,405,406
E,406,407
E,407,408
E,408,409
E,409,410
E,410,411
E,411,412
E,412,413
E,413,414
E,414,415
E,415,416
E,416,417
E,417,418
E,418,419
E,419,420
E,420,421
E,421,422
E,422,423
E,423,424
E,424,425
E,425,426
E,426,427
E,427,428
E,428,429
E,429,430
E,430,431
E,431,432
E,432,433
E,433,434
E,434,435
E,435,436
E,436,437
E,437,438
E,438,439
E,439,440
E,440,441
E,441,442
E,442,443
E,443,444
E,444,445
E,445,446
E,446,447
E,447,448
E,448,449
E,449,450
E,450,451
E,451,452
E,452,453
E,453,454
E,454,455
E,455,456
E,456,457
E,457,458
E,458,459
E,459,460
E,460,461
E,461,462
E,462,463
E,463,464
E,464,465
E,465,466
E,466,467
E,467,468
E,468,469
E,469,470
E,470,471
E,471,472
E,472,473
E,473,474
E,474,475
E,475,476
E,476,477
E,477,478
E,478,479
E,479,480
E,480,481
E,481,482
E,482,483
E,483,484
E,484,485
E,485,486
E,486,487
E,487,488
E,488,489
E,489,490
E,490,491
E,491,492
E,492,493
E,493,494
E,494,495
E,495,496
E,496,497
E,497,498
E,498,499
E,499,500
E,500,501
E,501,502
E,502,503
E,503,504
E,504,505
E,505,506
E,506,507
E,507,508
E,508,509
E,509,510
E,510,511
E,511,512
E,512,513
E,513,514
E,514,515
E,515,516
E,516,517
E,517,518
E,518,519
E,519,520
E,520,521
E,521,522
E,522,523
E,523,524
E,524,525
E,525,526
E,526,527
E,527,528
E,528,529
E,529,530
E,530,531
E,531,532
E,532,533
E,533,534
E,534,535
E,535,536
E,536,537
E,537,538
E,538,539
E,539,540
E,540,541
E,541,542
E,542,543
E,543,544
E,544,545
E,545,546
E,546,547
E,547,548
E,548,549
E,549,550
E,550,551
E,551,552
E,552,553
E,553,554
E,554,555
E,555,556
E,556,557
E,557,558
E,558,559
E,559,560
E,560,561
E,561,562
E,562,563
E,563,564
E,564,565
E,565,566
E,566,567
E,567,568
E,568,569
E,569,570
E,570,571
E,571,572
E,572,573
E,573,574
E,574,575
E,575,576
E,576,577
E,577,578
E,578,579
E,579,580
E,580,581
E,581,582
E,582,583
E,583,584
E,584,585
E,585,586
E,586,587
E,587,588
E,588,589
E,589,590
E,590,591
E,591,592
E,592,593
E,593,594
E,594,595
E,595,596
E,596,597
E,597,598
E,598,599
E,599,600
E,600,601
E,601,602
E,602,603
E,603,604
E,604,605
E,605,606
E,606,607
E,607,608
E,608,609
E,609,610
E,610,611
E,611,612
E,612,613
E,613,614
E,614,615
E,615,616
E,616,617
E,617,618
E,618,619
E,619,620
E,620,621
E,621,622
E,622,623
E,623,624
E,624,625
E,625,626
E,626,627
E,627,628
E,628,629
E,629,630
E,630,631
E,631,632
E,632,633
E,633,634
E,634,635
E,635,636
E,636,637
E,637,638
E,638,639
E,639,640
E,640,641
E,641,642
E,642,643
E,643,644
E,644,645
E,645,646
E,646,647
E,647,648
E,648,649
E,649,650
E,650,651
E,651,652
E,652,653
E,653,654
E,654,655
E,655,656
E,656,657
E,657,658
E,658,659
E,659,660
E,660,661
E,661,662
E,662,663
E,663,664
E,664,665
E,665,666
E,666,667
E,667,668
E,668,669
E,669,670
E,670,671
E,671,672
E,672,673
E,673,674
E,674,675
E,675,676
E,676,677
E,677,678
E,678,679
E,679,680
E,680,681
E,681,682
E,682,683
E,683,684
E,684,685
E,685,686
E,686,687
E,687,688
E,688,689
E,689,690
E,690,691
E,691,692
E,692,693
E,693,694
E,694,695
E,695,696
E,696,697
E,697,698
E,698,699
E,699,700
E,700,701
E,701,702
E,702,703
E,703,704
E,704,705
E,705,706
E,706,707
E,707,708
E,708,709
E,709,710
E,710,711
E,711,712
E,712,713
E,713,714
E,714,715
E,715,716
E,716,717
E,717,718
E,718,719
E,719,720
E,720,721
E,721,722
E,722,723
E,723,724
E,724,725
E,725,726
E,726,727
E,727,728
E,728,729
E,729,730
E,730,731
E,731,732
E,732,733
E,733,734
E,734,735
E,735,736
E,736,737
E,737,738
E,738,739
E,739,740
E,740,741
E,741,742
E,742,743
E,743,744
E,744,745
E,745,746
E,746,747
E,747,748
E,748,749
E,749,750
E,750,751
E,751,752
E,752,753
E,753,754
E,754,755
E,755,756
E,756,757
E,757,758
E,758,759
E,759,760
E,760,761
E,761,762
E,762,763
E,763,764
E,764,765
E,765,766
E,766,767
E,767,768
E,768,769
E,769,770
E,770,771
E,771,772
E,772,773
E,773,774
E,774,775
E,775,776
E,776,777
E,777,778
E,778,779
E,779,780
E,780,781
E,781,782
E,782,783
E,783,784
E,784,785
E,785,786
E,786,787
E,787,788
E,788,789
E,789,790
E,790,791
E,791,792
E,792,793
E,793,794
E,794,795
E,795,796
E,796,797
E,797,798
E,798,799
E,799,800
E,800,801
E,801,802
E,802,803
E,803,804
E,804,805
E,805,806
E,806,807
E,807,808
E,808,809
E,809,810
E,810,811
E,811,812
E,812,813
E,813,814
E,814,815
E,815,816
E,816,817
E,817,818
E,818,819
E,819,820
E,820,821
E,821,822
E,822,823
E,823,824
E,824,825
E,825,826
E,826,827
E,827,828
E,828,829
E,829,830
E,830,831
E,831,832
E,832,833
E,833,834
E,834,835
E,835,836
E,836,837
E,837,838
E,838,839
E,839,840
E,840,841
E,841,842
E,842,843
E,843,844
E,844,845
E,845,846
E,846,847
E,847,848
E,848,849
E,849,850
E,850,851
E,851,852
E,852,853
E,853,854
E,854,855
E,855,856
E,856,857
E,857,858
E,858,859
E,859,860
E,860,861
E,861,862
E,862,863
E,863,864
E,864,865
E,865,866
E,866,867
E,867,868
E,868,869
E,869,870
E,870,871
E,871,872
E,872,873
E,873,874
E,874,875
E,875,876
E,876,877
E,877,878
E,878,879
E,879,880
E,880,881
E,881,882
E,882,883
E,883,884
E,884,885
E,885,886
E,886,887
E,887,888
E,888,889
E,889,890
E,890,891
E,891,892
E,892,893
E,893,894
E,894,895
E,895,896
E,896,897
E,897,898
E,898,899
E,899,900
E,900,901
E,901,902
E,902,903
E,903,904
E,904,905
E,905,906
E,906,907
E,907,908
E,908,909
E,909,910
E,910,911
E,911,912
E,912,913
E,913,914
E,914,915
E,915,916
E,916,917
E,917,918
E,918,919
E,919,920
E,920,921
E,921,922
E,922,923
E,923,924
E,924,925
E,925,926
E,926,927
E,927,928
E,928,929
E,929,930
E,930,931
E,931,932
E,932,933
E,933,934
E,934,935
E,935,936
E,936,937
E,937,938
E,938,939
E,939,940
E,940,941
E,941,942
E,942,943
E,943,944
E,944,945
E,945,946
E,946,947
E,947,948
E,948,949
E,949,950
E,950,951
E,951,952
E,952,953
E,953,954
E,954,955
E,955,956
E,956,957
E,957,958
E,958,959
E,959,960
E,960,961
E,961,962
E,962,963
E,963,964
E,964,965
E,965,966
E,966,967
E,967,968
E,968,969
E,969,970
E,970,971
E,971,972
E,972,973
E,973,974
E,974,975
E,975,976
E,976,977
E,977,978
E,978,979
E,979,980
E,980,981
E,981,982
E,982,983
E,983,984
E,984,985
E,985,986
E,986,987
E,987,988
E,988,989
E,989,990
E,990,991
E,991,992
E,992,993
E,993,994
E,994,995
E,995,996
E,996,997
E,997,998
E,998,999
E,999,1000
E,572,85
E,662,858
E,490,970
E,178,542
E,1,381
E,997,385
E,584,238
E,68,392
E,411,101
E,45,122
E,786,217
E,385,102
E,422,51
E,628,29
E,568,523
E,69,798
E,923,199
E,789,194
E,28,726
E,234,805
E,963,801
E,655,408
E,944,472
E,363,533
E,935,32
E,610,114
E,560,203
E,214,125
E,250,621
E,34,119
E,804,140
E,566,993
E,377,89
E,601,472
E,784,285
E,454,833
E,963,592
E,181,843
E,748,332
E,541,458
E,545,819
E,817,468
E,409,707
E,75,776
E,767,577
E,442,671
E,916,602
E,30,777
E,340,876
E,627,860
E,251,353
E,233,558
E,544,615
E,320,165
E,875,287
E,340,302
E,370,78
E,572,151
E,683,849
E,283,559
E,282,578
E,654,918
E,152,1
E,360,929
E,748,997
E,639,562
E,831,604
E,553,568
E,585,158
E,515,940
E,393,846
E,352,527
E,253,315
E,603,26
E,518,920
E,588,418
E,704,34
E,211,212
E,210,219
E,147,648
E,455,876
E,587,982
E,783,155
E,265,523
E,12,97
E,597,445
E,201,958
E,146,972
E,177,878
E,697,245
E,749,323
E,266,699
E,930,140
E,748,644
E,328,760
E,373,155
E,405,970
E,902,235
E,620,770
E,462,812
E,189,80
E,954,523
E,157,247
E,685,429
E,323,819
E,722,821
E,893,692
E,671,603
E,571,234
E,11,908
E,774,362
E,744,732
E,927,529
E,366,379
E,530,487
E,334,267
E,977,69
E,954,153
E,315,751
E,520,465
E,632,438
E,636,633
E,428,340
E,339,121
E,798,644
E,984,255
E,987,881
E,928,617
E,160,264
E,883,117
E,343,238
E,757,152
E,508,668
E,188,716
E,527,642
E,75,105
E,188,269
E,359,862
E,813,629
E,62,875
E,846,8
E,952,599
E,125,829
E,704,606
E,610,977
E,345,776
E,305,231
E,695,269
E,622,276
E,198,656
E,56,669
E,409,571
E,599,444
E,733,794
E,291,576
E,273,683
E,326,203
E,924,284
E,470,641
E,924,654
E,673,56
E,367,24
E,773,545
E,760,841
E,993,728
E,598,478
E,567,153
E,714,906
E,721,645
E,102,849
E,675,846
E,401,410
E,968,359
E,428,51
E,965,91
E,898,866
E,799,295
E,91,831
E,103,935
E,942,955
E,538,438
E,504,557
E,379,918
E,94,260
E,118,345
E,735,376
E,940,777
E,532,29
E,841,863
E,133,558
E,715,471
E,937,315
E,116,353
E,264,266
E,128,691
E,501,2
E,738,640
E,773,325
E,305,666
E,262,47
E,12,685
E,7,992
E,737,312
E,311,673
E,446,39
E,175,875
E,749,382
E,916,560
E,339,616
E,364,663
E,138,867
E,140,157
E,628,835
E,241,272
E,29,675
E,511,907
E,488,482
E,996,190
E,207,243
E,627,810
E,112,425
E,745,935
E,288,151
E,122,702
E,285,843
E,278,245
E,59,429
E,837,544
E,568,137
E,385,666
E,643,722
E,224,214
E,47,528
E,924,838
E,126,330
E,893,502
E,299,401
E,7,53
E,916,307
E,140,24
E,210,361
E,905,152
E,275,295
E,842,815
E,647,16
E,130,996
E,76,944
E,143,708
E,10,143
E,220,158
E,497,780
E,922,633
E,599,963
E,153,99
E,562,53
E,209,771
E,675,569
E,158,690
E,115,66
E,795,329
E,209,651
E,375,129
E,322,592
E,736,425
E,509,253
E,172,336
E,895,569
E,199,634
E,225,312
E,552,221
E,314,322
E,806,655
E,161,581
E,480,981
E,377,446
E,35,649
E,181,684
E,138,959
E,122,652
E,197,964
E,770,49
E,841,346
E,310,925
E,670,142
E,579,719
E,551,210
E,488,519
E,424,478
E,985,625
E,650,120
E,406,799
E,845,330
E,462,132
E,839,123
E,359,178
E,936,814
E,858,117
E,643,663
E,598,347
E,107,606
E,20,660
E,10,268
E,82,859
E,891,747
E,319,704
E,750,904
E,783,680
E,841,298
E,325,140
E,991,5
E,465,529
E,930,950
E,925,73
E,742,578
E,217,613
E,44,347
E,670,137
E,545,731
E,531,363
E,909,677
E,646,668
E,930,342
E,935,564
E,259,200
E,634,758
E,123,126
E,965,474
E,726,191
E,602,993
E,53,759
E,534,318
E,889,818
E,658,832
E,104,148
E,717,944
E,220,327
E,188,767
E,526,444
E,851,186
E,407,497
E,124,290
E,783,775
E,814,193
E,171,197
E,602,905
E,654,661
E,61,448
E,39,918
E,731,133
E,653,320
E,147,120
E,103,430
E,769,508
E,608,442
E,488,514
E,129,816
E,318,302
E,164,984
E,381,275
E,59,694
E,612,541
E,589,94
E,365,855
E,315,249
E,450,451
E,294,575
E,703,238
E,907,164
E,857,456
E,816,929
E,253,687
E,205,695
E,166,996
E,288,41
E,886,277
E,931,264
E,41,819
E,658,217
E,308,425
E,983,143
E,33,314
E,102,276
E,834,310
E,877,647
E,808,331
E,363,458
E,113,789
E,665,842
E,508,529
E,544,162
E,495,375
E,435,92
E,129,436
E,693,342
E,532,604
E,581,833
E,117,692
E,299,961
E,421,573
E,593,369
E,190,370
E,869,466
E,230,822
E,358,694
E,955,9
E,528,405
E,100,928
E,426,599
E,148,702
E,49,402
E,722,334
E,628,967
E,797,864
E,951,386
E,668,971
E,447,621
E,690,451
E,506,949
E,526,215
E,888,45
E,562,257
E,243,535
E,9,978
E,53,472
E,862,762
E,673,589
E,41,113
E,907,876
E,236,71
E,549,266
E,340,925
E,916,481
E,486,45
E,810,360
E,945,825
E,480,737
E,692,139
E,414,256
E,137,413
E,265,947
E,197,422
E,996,557
E,466,94
E,407,755
E,546,197
E,383,594
E,506,430
E,272,592
E,536,944
E,243,778
E,567,519
E,248,391
E,271,409
E,204,433
E,484,697
E,957,550
E,674,42
E,414,703
E,191,42
E,717,770
E,463,169
E,638,392
E,430,2
E,187,846
E,36,557
E,559,119
E,63,329
E,321,48
E,181,932
E,600,313
E,714,524
E,915,206
E,551,311
E,343,483
E,804,889
E,293,615
E,284,537
E,998,824
E,108,575
E,298,386
E,622,692
E,646,992
E,352,608
E,308,134
E,957,443
E,185,446
E,316,247
E,509,825
E,700,697
E,348,475
E,637,78
E,906,364
E,74,487
E,827,358
E,172,783
E,837,955
E,135,367
E,779,607
E,932,65
E,972,236
E,999,663
E,431,622
E,214,575
E,892,73
E,864,721
E,146,524
E,124,52
E,118,612
E,326,10
E,124,4
E,569,173
E,112,599
E,216,389
E,927,453
E,187,992
E,442,220
E,51,494
E,251,534
E,500,826
E,359,347
E,25,217
E,371,378
E,823,5
E,220,13
E,446,663
E,107,837
E,945,346
E,133,937
E,821,620
E,755,323
E,376,561
E,450,951
E,613,988
E,283,382
E,126,263
E,876,154
E,610,875
E,408,913
E,277,432
E,229,529
E,57,104
E,178,555
E,722,457
E,411,680
E,708,793
E,350,136
E,619,590
E,440,172
E,553,753
E,851,410
E,18,759
E,508,605
E,37,481
E,566,555
E,994,633
E,66,148
E,127,306
E,185,308
E,954,690
E,913,265
E,385,320
E,889,862
E,979,74
E,129,568
E,249,140
E,359,492
E,85,665
E,877,498
E,769,944
E,446,499
E,780,642
E,802,881
E,844,79
E,3,240
E,90,478
E,593,706
E,120,782
E,846,238
E,854,37
E,374,966
E,432,746
E,731,305
E,887,682
E,1,823
E,49,495
E,548,5
E,489,914
E,41,1000
E,470,88
E,582,677
E,140,998
E,11,203
E,859,497
E,758,413
E,499,544
E,620,147
E,490,118
E,87,253
E,774,48
E,260,823
E,214,444
E,172,982
E,428,654
E,4,398
E,68,411
E,58,301
E,633,574
E,519,635
E,190,181
E,807,94
E,400,893
E,108,260
E,856,540
E,636,945
E,111,222
E,233,611
E,440,220
E,416,618
E,381,171
E,906,680
E,571,768
E,297,631
E,806,609
E,987,309
E,12,719
E,33,795
E,240,257
E,140,166
E,644,801
E,938,488
E,473,454
E,332,150
E,259,989
E,181,643
E,505,747
E,672,657
E,300,472
E,127,798
E,300,897
E,84,289
E,106,169
E,564,928
E,231,897
E,91,231
E,997,795
E,573,726
E,884,345
E,39,633
E,164,732
E,643,548
E,928,419
E,405,148
E,503,328
E,153,618
E,746,967
E,211,709
E,508,737
E,294,250
E,73,877
E,977,166
E,17,1
E,217,739
E,620,335
E,892,177
E,405,761
E,177,46
E,10,642
E,112,737
E,710,751
E,735,581
E,473,41
E,240,653
E,266,528
E,840,125
E,193,5
E,623,903
E,198,176
E,477,489
E,993,130
E,527,129
E,543,216
E,988,435
E,165,243
E,489,375
E,167,200
E,785,119
E,827,267
E,921,839
E,499,962
E,706,219
E,680,28
E,315,282
E,66,339
E,875,566
E,426,961
E,30,969
E,302,769
E,936,989
E,822,621
E,697,345
E,91,201
E,779,390
E,556,575
E,328,133
E,932,158
E,456,91
E,374,971
E,164,461
E,132,338
E,340,305
E,795,6
E,254,873
E,285,177
E,191,110
E,218,401
E,584,257
E,820,114
E,374,670
E,762,33
E,399,192
E,639,834
E,718,854
E,921,246
E,506,687
E,591,276
E,138,321
E,142,14
E,338,120
E,673,785
E,881,787
E,767,995
E,78,767
E,670,644
E,701,16
E,896,201
E,211,964
E,286,108
E,391,639
E,925,168
E,30,503
E,32,929
E,133,209
E,332,640
E,779,41
E,865,652
E,913,604
E,826,301
E,665,922
E,33,823
E,944,787
E,867,733
E,42,290
E,514,850
E,408,468
E,737,342
E,234,586
E,21,892
E,583,854
E,658,282
E,982,430
E,662,963
E,711,599
E,868,979
E,612,168
E,13,50
E,726,44
E,848,961
E,378,544
E,814,892
E,177,66
E,929,199
E,6,501
E,522,257
E,328,504
E,788,770
E,466,598
E,932,441
E,333,953
E,458,588
E,299,610
E,470,578
E,98,122
E,966,834
E,203,164
E,942,285
E,766,531
E,788,171
E,282,536
E,831,652
E,366,915
E,84,58
E,795,58
E,618,530
E,88,291
E,745,20
E,797,812
E,737,788
E,271,609
E,807,699
E,197,803
E,855,772
E,997,263
E,710,639
E,511,770
E,696,282
E,372,59
E,43,910
E,457,849
E,193,827
E,418,119
E,352,977
E,560,201
E,719,962
E,734,747
E,447,606
E,776,555
E,690,756
E,302,631
E,89,714
E,847,764
E,363,235
E,565,561
E,513,362
E,320,724
E,619,76
E,782,648
E,62,983
E,451,636
E,598,906
E,98,708
E,211,161
E,902,604
E,348,415
E,939,153
E,781,460
E,308,983
E,5,6
E,845,504
E,701,135
E,296,556
E,758,680
E,684,532
E,285,639
E,305,627
E,852,411
E,547,802
E,597,481
E,793,353
E,548,976
E,315,245
E,229,654
E,168,784
E,25,636
E,462,591
E,210,495
E,379,693
E,796,331
E,386,10
E,547,564
E,497,660
E,823,966
E,7,116
E,282,370
E,415,157
E,258,800
E,111,213
E,228,530
E,336,20
E,405,637
E,860,307
E,328,329
E,878,690
E,697,204
E,334,555
E,272,928
E,455,49
E,734,571
E,272,246
E,945,875
E,621,734
E,56,285
E,162,718
E,622,34
E,833,785
E,75,271
E,658,884
E,663,985
E,391,901
E,944,727
E,749,451
E,349,39
E,497,310
E,605,77
E,623,987
E,11,541
E,834,773
E,626,489
E,631,337
E,632,29
E,530,101
E,360,533
E,382,505
E,404,612
E,451,532
E,643,238
E,694,669
E,720,605
E,28,21
E,541,579
E,399,288
E,87,418
E,59,623
E,78,471
E,730,391
E,255,644
E,981,33
E,89,717
E,85,23
E,64,88
E,125,122
E,233,629
E,176,225
E,217,708
E,326,884
E,462,898
E,27,623
E,369,745
E,321,386
E,733,117
E,867,928
E,608,979
E,190,622
E,436,583
E,904,947
E,100,344
E,645,732
E,968,392
E,254,838
E,306,605
E,209,612
E,622,936
E,954,699
E,382,565
E,506,955
E,440,633
E,732,124
E,718,803
E,690,279
E,281,713
E,684,705
E,610,730
E,291,878
E,472,106
E,443,799
E,455,74
E,280,294
E,344,213
E,730,164
E,585,915
E,93,574
E,384,348
E,85,226
E,285,11
E,832,504
E,85,682
E,245,531
E,769,621
E,865,536
E,628,347
E,143,33
E,324,673
E,568,34
E,453,543
E,497,370
E,915,474
E,646,429
E,341,731
E,332,413
E,417,420
E,16,939
E,870,117
E,572,165
E,384,259
E,184,583
E,480,407
E,651,32
E,216,1
E,613,383
E,309,385
E,117,253
E,569,225
E,215,443
E,851,741
E,11,531
E,449,617
E,854,771
E,977,406
E,678,863
E,767,575
E,911,814
E,454,417
E,688,257
E,560,261
E,834,673
E,723,316
E,769,221
E,647,842
E,45,234
E,443,910
E,403,440
E,594,421
E,761,399
E,90,283
E,741,59
E,98,772
E,816,732
E,106,813
E,434,629
E,796,501
E,265,890
E,458,142
E,298,167
E,563,684
E,604,542
E,313,427
E,463,483
E,284,85
E,367,175
E,451,153
E,348,987
E,642,163
E,558,590
E,199,462
E,606,314
E,891,619
E,447,848
E,113,672
E,917,629
E,862,4
E,446,683
E,408,431
E,995,103
E,884,516
E,422,828
E,997,207
E,191,730
E,2,808
E,730,339
E,771,876
E,751,236
E,991,607
E,384,935
E,560,329
E,291,272
E,448,193
E,884,622
E,496,619
E,361,510
E,432,141
E,464,308
E,980,243
E,686,644
E,11,955
E,510,608
E,19,627
E,275,572
E,241,148
E,914,304
E,865,554
E,759,115
E,410,748
E,533,163
E,710,189
E,469,604
E,831,352
E,201,585
E,512,427
E,184,972
E,235,134
E,46,471
E,275,299
E,499,855
E,475,921
E,69,583
E,448,557
E,508,174
E,406,574
E,799,314
E,75,896
E,855,763
E,264,236
E,247,500
E,82,788
E,712,212
E,567,435
E,367,82
E,925,290
E,462,476
E,250,888
E,8,674
E,360,455
E,793,600
E,172,537
E,402,229
E,998,511
E,592,31
E,532,430
E,121,909
E,836,255
E,949,498
E,569,233
E,403,921
E,789,624
E,971,171
E,77,915
E,77,80
E,421,434
E,424,888
E,854,9
E,193,820
E,392,696
E,812,388
E,498,477
E,386,536
E,674,912
E,523,312
E,257,373
E,980,616
E,662,986
E,297,282
E,46,746
E,489,756
E,625,952
E,223,185
E,470,631
E,939,240
E,500,890
E,646,313
E,721,416
E,36,194
E,951,632
E,198,23
E,319,467
E,426,320
E,138,551
E,594,128
E,457,514
E,450,484
E,761,933
E,592,656
E,812,54
E,712,213
E,51,591
E,455,337
E,429,187
E,431,951
E,883,487
E,441,68
E,235,788
E,509,215
E,150,13
E,969,460
E,833,32
E,980,387
E,210,671
E,880,449
E,433,728
E,119,312
E,584,983
E,8,977
E,973,588
E,658,445
E,479,767
E,419,685
E,788,592
E,680,66
E,341,834
E,585,239
E,50,451
E,287,146
E,596,582
E,435,892
E,156,316
E,393,105
E,400,646
E,11,316
E,463,557
E,254,937
E,506,197
E,337,338
E,656,209
E,54,844
E,217,135
E,500,848
E,378,488
E,764,271
E,248,841
E,672,692
E,422,287
E,272,262
E,280,750
E,929,273
E,407,360
E,135,985
E,189,754
E,302,83
E,177,608
E,310,387
E,552,727
E,84,978
E,295,95
E,125,493
E,931,30
E,673,981
E,126,338
E,615,748
E,607,655
E,507,453
E,920,22
E,429,413
E,67,506
E,101,97
E,439,32
E,607,244
E,255,198
E,165,272
E,967,954
E,114,362
E,379,239
E,465,951
E,953,515
E,554,962
E,751,79
E,596,560
E,592,412
E,383,36
E,897,17
E,823,979
E,963,254
E,674,954
E,40,202
E,534,145
E,283,400
E,36,918
E,544,194
E,563,695
E,518,369
E,246,31
E,224,484
E,581,666
E,486,315
E,391,873
E,499,423
E,977,842
E,625,17
E,696,169
E,239,378
E,551,214
E,674,293
E,285,373
E,442,438
E,39,821
E,660,350
E,278,861
E,227,199
E,590,554
E,161,192
E,75,4
E,753,560
E,173,623
E,937,624
E,731,597
E,542,681
E,911,672
E,462,707
E,571,246
E,701,66
E,993,259
E,725,421
E,782,136
E,258,809
E,796,612
E,96,432
E,918,456
E,453,141
E,77,144
E,667,72
E,326,962
E,154,539
E,585,29
E,744,503
E,129,720
E,939,886
E,927,593
E,333,934
E,334,613
E,312,221
E,382,924
E,194,891
E,394,375
E,580,976
E,927,978
E,475,386
E,678,240
E,574,182
E,25,720
E,147,281
E,961,84
E,690,377
E,896,262
E,395,581
E,780,152
E,976,605
E,38,70
E,51,566
E,190,19
E,443,389
E,79,655
E,845,693
E,339,69
E,835,470
E,202,246
E,650,810
E,547,572
E,264,237
E,83,740
E,578,747
E,140,901
E,522,57
E,51,667
E,85,487
E,686,418
E,732,821
E,141,799
E,613,623
E,86,338
E,965,562
E,204,815
E,514,70
E,617,763
E,982,195
E,962,194
E,146,455
E,473,46
E,617,990
E,446,906
E,291,445
E,755,853
E,336,765
E,322,817
E,176,777
E,646,115
E,583,306
E,431,544
E,367,291
E,679,716
E,468,218
E,696,560
E,413,428
E,436,498
E,132,881
E,757,154
E,249,469
E,518,450
E,811,829
E,127,857
E,224,407
E,978,446
E,221,434
E,49,196
E,742,512
E,714,398
E,742,392
E,81,982
E,478,379
E,995,783
E,66,87
E,845,36
E,973,377
E,471,621
E,195,269
E,425,403
E,291,536
E,374,231
E,579,981
E,537,998
E,382,357
E,425,366
E,371,504
E,169,166
E,246,481
E,503,618
E,565,486
E,213,668
E,627,511
E,89,680
E,720,383
E,189,45
E,164,251
E,350,267
E,231,745
E,356,124
E,998,363
E,903,467
E,443,806
E,58,411
E,649,411
E,674,650
E,748,621
E,99,438
E,40,756
E,414,471
E,239,85
E,289,869
E,745,282
E,273,985
E,55,911
E,171,370
E,128,984
E,130,46
E,750,396
E,653,470
E,8,31
E,888,478
E,171,148
E,817,232
E,706,208
E,901,908
E,830,28
E,337,905
E,10,844
E,511,793
E,614,984
E,684,311
E,359,593
E,606,426
E,110,78
E,312,111
E,791,400
E,305,34
E,338,779
E,509,860
E,731,379
E,517,721
E,288,413
E,331,293
E,263,818
E,501,896
E,531,604
E,809,405
E,580,31
E,907,294
E,783,387
E,764,441
E,56,508
E,658,693
E,553,243
E,203,415
E,737,6
E,237,222
E,346,831
E,210,689
E,836,395
E,630,162
E,410,57
E,703,123
E,285,217
E,982,347
E,862,594
E,79,824
E,582,776
E,2,352
E,332,729
E,598,379
E,953,72
E,5,562
E,286,148
E,390,769
E,730,475
E,366,490
E,198,503
E,89,139
E,471,272
E,506,618
E,243,801
E,835,649
E,443,299
E,759,196
E,165,743
E,919,14
E,673,575
E,259,149
E,677,593
E,219,545
E,986,441
E,59,320
E,849,899
E,467,79
E,978,933
E,510,541
E,640,420
E,670,902
E,817,577
E,158,839
E,221,289
E,766,915
E,739,522
E,401,143
E,130,631
E,662,80
E,420,748
E,628,541
E,548,780
E,997,405
E,141,940
E,137,656
E,954,884
E,603,102
E,121,836
E,291,797
E,764,75
E,491,634
E,677,982
E,98,840
E,596,228
E,694,93
E,793,381
E,799,937
E,773,41
E,192,9
E,710,733
E,117,695
E,613,188
E,504,829
E,130,840
E,656,38
E,233,179
E,894,600
E,352,16
E,724,312
E,721,305
E,687,732
E,117,964
E,627,479
E,265,685
E,967,870
E,535,929
E,451,418
E,844,216
E,218,881
E,548,357
E,479,360
E,468,887
E,984,393
E,570,451
E,691,672
E,722,789
E,662,614
E,518,260
E,724,41
E,570,592
E,314,325
E,862,549
E,840,210
E,852,462
E,353,238
E,494,896
E,405,350
E,90,469
E,670,56
E,491,402
E,657,251
E,994,857
E,508,931
E,583,884
E,724,214
E,223,50
E,250,701
E,15,638
E,475,419
E,114,254
E,460,44
E,531,653
E,964,693
E,387,153
E,720,909
E,242,462
E,12,752
E,21,708
E,951,405
E,667,772
E,54,904
E,907,348
E,582,438
E,182,84
E,866,565
E,498,623
E,534,435
E,64,593
E,34,727
E,425,550
E,982,470
E,77,775
E,328,139
E,931,689
E,236,515
E,995,856
E,656,154
E,134,203
E,64,1
E,311,410
E,311,55
E,918,651
E,857,101
E,392,849
E,799,622
E,260,366
E,488,753
E,58,526
E,802,997
E,605,372
E,914,140
E,173,626
E,822,902
E,902,332
E,244,751
E,369,328
E,972,243
E,891,358
E,216,124
E,463,518
E,398,762
E,802,633
E,827,947
E,164,964
E,403,705
E,715,812
E,680,861
E,25,961
E,131,470
E,603,5
E,973,241
E,978,982
E,654,601
E,343,58
E,272,438
E,161,768
E,122,669
E,945,877
E,492,174
E,966,63
E,902,597
E,313,689
E,979,85
E,890,681
E,159,634
E,548,268
E,234,242
E,859,998
E,224,832
E,516,755
E,27,899
E,87,523
E,67,671
E,434,865
E,148,705
E,644,479
E,398,58
E,934,937
E,901,486
E,873,113
E,799,651
E,909,521
E,597,705
E,260,523
E,446,640
E,554,822
E,519,983
E,903,622
E,413,339
E,642,868
E,332,931
E,553,44
E,422,784
E,282,137
E,816,683
E,48,824
E,989,471
E,939,651
E,948,311
E,294,701
E,647,462
E,723,828
E,659,495
E,169,915
E,630,213
E,669,560
E,975,351
E,733,922
E,516,92
E,839,460
E,914,15
E,643,274
E,124,132
E,329,258
E,24,660
E,461,951
E,881,61
E,362,222
E,952,34
E,230,982
E,419,667
E,451,453
E,634,127
E,115,37
E,963,117
E,586,754
E,543,60
E,966,528
E,918,953
E,599,298
E,896,101
E,153,806
E,167,139
E,437,393
E,385,877
E,519,417
E,918,162
E,615,820
E,957,783
E,803,821
E,776,945
E,194,517
E,452,888
E,774,288
E,832,971
E,239,311
E,164,360
E,433,980
E,538,138
E,467,359
E,266,922
E,297,136
E,121,927
E,137,91
E,845,890
E,213,854
E,903,287
E,244,299
E,571,639
E,292,583
E,546,217
E,643,369
E,945,643
E,651,481
E,317,166
E,70,341
E,788,966
E,386,854
E,409,792
E,117,238
E,100,644
E,788,746
E,513,926
E,969,572
E,826,927
E,254,81
E,488,27
E,15,504
E,639,246
E,101,400
E,987,831
E,919,9
E,108,306
E,367,183
E,320,887
E,680,471
E,493,645
E,774,434
E,405,723
E,985,147
E,734,968
E,681,515
E,150,776
E,931,839
E,721,901
E,256,120
E,881,262
E,942,328
E,347,808
E,811,945
E,157,426
E,525,838
E,157,684
E,703,713
E,101,724
E,109,947
E,575,83
E,396,720
E,353,451
E,640,331
E,140,340
E,268,734
E,446,615
E,168,539
E,73,119
E,928,478
E,342,393
E,337,941
E,935,402
E,981,329
E,260,285
E,877,340
E,484,165
E,633,302
E,370,51
E,849,542
E,97,222
E,682,506
E,159,755
E,67,134
E,31,18
E,337,961
E,516,676
E,161,851
E,757,715
E,495,371
E,168,505
E,428,812
E,707,371
E,545,363
E,910,132
E,58,123
E,961,504
E,102,114
E,726,851
E,165,347
E,271,157
E,88,89
E,839,736
E,204,283
E,471,972
E,471,437
E,488,359
E,834,257
E,549,991
E,512,456
E,219,557
E,729,62
E,268,401
E,398,582
E,35,990
E,611,143
E,270,360
E,844,570
E,745,525
E,619,934
E,121,262
E,60,389
E,932,309
E,144,581
E,931,112
E,10,970
E,227,985
E,933,990
E,128,660
E,323,739
E,946,268
E,1000,566
E,483,521
E,185,846
E,29,768
E,171,273
E,92,362
E,567,588
E,44,725
E,414,699
E,42,217
E,147,846
E,870,58
E,858,184
E,772,719
E,452,400
E,752,865
E,663,16
E,305,602
E,607,360
E,815,764
E,629,647
E,698,577
E,307,967
E,426,697
E,655,769
E,945,765
E,510,486
E,43,742
E,19,462
E,614,345
E,304,53
E,990,163
E,539,819
E,460,795
E,2,805
E,477,497
E,791,563
E,349,192
E,864,941
E,691,656
E,914,881
E,912,101
E,728,293
E,835,944
E,919,202
E,55,895
E,744,664
E,45,852
E,846,681
E,512,393
E,156,146
E,797,642
E,819,248
E,299,196
E,776,189
E,146,937
E,530,991
E,683,801
E,203,152
E,937,721
E,429,125
E,149,165
E,794,577
E,152,322
E,124,912
E,771,191
E,60,500
E,857,157
E,626,33
E,725,6
E,901,262
E,795,907
E,466,583
E,496,809
E,821,395
E,693,926
E,203,183
E,965,265
E,500,146
E,129,776
E,41,490
E,490,460
E,772,935
E,35,309
E,491,380
E,831,791
E,505,310
E,708,533
E,658,671
E,414,768
E,207,211
E,836,349
E,145,138
E,99,111
E,601,717
E,420,441
E,214,576
E,989,213
E,56,991
E,761,307
E,816,913
E,450,512
E,261,375
E,623,808
E,232,131
E,873,659
E,938,439
E,196,716
E,361,394
E,157,829
E,110,13
E,601,293
E,208,735
E,878,967
E,780,322
E,504,402
E,41,780
E,523,957
E,813,837
E,251,268
E,584,317
E,340,321
E,225,3
E,965,118
E,825,241
E,285,478
E,297,243
E,827,260
E,12,361
E,724,929
E,283,778
E,273,292
E,832,722
E,740,595
E,785,280
E,499,690
E,70,460
E,891,355
E,229,278
E,314,518
E,5,145
E,945,787
E,846,168
E,776,445
E,192,246
E,561,649
E,213,464
E,422,211
E,191,132
E,590,176
E,165,273
E,860,103
E,293,951
E,466,415
E,201,819
E,261,796
E,604,461
E,459,821
E,930,178
E,778,740
E,351,477
E,345,569
E,304,941
E,310,277
E,33,334
E,140,783
E,677,993
E,658,83
E,361,502
E,77,52
E,401,672
E,608,252
E,314,315
E,23,677
E,799,743
E,353,918
E,723,738
E,948,136
E,585,747
E,990,561
E,836,380
E,179,928
E,120,747
E,582,975
E,272,216
E,961,565
E,96,962
E,991,218
E,268,520
E,682,622
E,530,39
E,367,405
E,96,636
E,338,138
E,367,495
E,526,850
E,491,607
E,824,799
E,331,906
E,408,916
E,290,995
E,229,317
E,65,39
E,676,992
E,475,936
E,455,777
E,443,564
E,492,278
E,465,794
E,190,266
E,983,493
E,420,152
E,74,879
E,241,926
E,962,223
E,712,555
E,65,727
E,27,213
E,484,295
E,309,319
E,785,191
E,717,70
E,310,177
E,333,521
E,744,735
E,704,53
E,9,75
E,949,386
E,946,5
E,154,28
E,12,118
E,589,35
E,38,998
E,194,14
E,251,756
E,979,549
E,392,717
E,637,101
E,798,682
E,928,600
E,717,941
E,243,781
E,104,958
E,190,918
E,542,753
E,774,615
E,926,227
E,199,858
E,383,444
E,688,424
E,523,959
E,870,263
E,972,226
E,954,683
E,53,373
E,586,868
E,200,167
E,628,367
E,688,443
E,828,42
E,984,669
E,388,217
E,551,101
E,106,540
E,1000,338
E,810,513
E,669,84
E,382,781
E,731,728
E,482,644
E,704,898
E,465,551
E,198,713
E,838,988
E,628,664
E,130,467
E,84,986
E,101,773
E,564,508
E,628,498
E,422,643
E,538,834
E,403,721
E,893,755
E,701,883
E,125,621
E,792,941
E,974,58
E,307,534
E,520,525
E,494,605
E,875,450
E,630,337
E,827,450
E,129,117
E,825,220
E,435,135
E,184,912
E,480,513
E,884,30
E,603,46
E,843,293
E,432,475
E,249,277
E,311,864
E,580,247
E,26,518
E,405,752
E,443,451
E,618,787
E,179,466
E,600,12
E,219,202
E,711,443
E,136,666
E,6,889
E,532,869
E,511,643
E,349,868
E,985,971
E,134,233
E,351,344
E,494,272
E,819,389
E,621,510
E,724,203
E,55,651
E,809,245
E,845,94
E,107,505
E,410,669
E,126,286
E,950,348
E,817,850
E,424,536
E,949,933
E,418,594
E,302,466
E,336,8
E,93,643
E,327,573
E,303,672
E,26,86
E,471,478
E,24,480
E,548,910
E,964,701
E,397,159
E,79,550
E,186,49
E,857,236
E,692,649
E,893,53
E,908,555
E,217,609
E,386,739
E,617,585
E,917,930
E,112,348
E,688,186
E,882,251
E,122,412
E,17,92
E,278,600
E,805,638
E,13,172
E,556,780
E,783,237
E,119,819
E,677,592
E,298,70
E,187,93
E,551,287
E,968,803
E,669,318
E,349,238
E,982,78
E,148,998
E,650,626
E,236,724
E,283,798
E,573,372
E,463,771
E,89,746
E,423,554
E,116,69
E,648,559
E,451,582
E,678,1
E,638,812
E,710,811
E,323,65
E,418,306
E,755,207
E,395,647
E,494,278
E,467,915
E,859,585
E,785,697
E,215,166
E,678,597
E,248,643
E,169,768
E,700,340
E,96,478
E,552,801
E,493,272
E,824,559
E,77,455
E,102,726
E,575,780
E,697,592
E,130,497
E,99,700
E,742,229
E,986,525
E,618,583
E,439,406
E,185,342
E,315,228
E,806,522
E,68,772
E,217,455
E,900,453
E,901,24
E,317,235
E,636,997
E,669,13
E,191,583
E,903,987
E,744,323
E,338,884
E,458,414
E,166,965
E,421,100
E,918,49
E,17,638
E,849,587
E,222,156
E,290,976
E,832,988
E,628,54
E,229,16
E,897,467
E,188,395
E,400,545
E,500,343
E,634,509
E,942,844
E,464,373
E,751,487
E,422,858
E,611,973
E,925,190
E,982,771
E,491,500
E,289,832
E,811,668
E,68,97
E,506,915
E,832,761
E,380,385
E,302,615
E,298,731
E,269,585
E,677,982
E,496,968
E,662,349
E,519,239
E,764,918
E,780,990
E,324,56
E,823,472
E,151,122
E,307,567
E,467,33
E,976,812
E,353,745
E,367,550
E,131,707
E,901,448
E,630,502
E,638,510
E,451,591
E,438,843
E,628,991
E,148,87
E,9,42
E,228,368
E,228,440
E,106,42
E,184,732
E,556,532
E,900,171
E,895,43
E,178,761
E,694,1000
E,383,171
E,442,801
E,263,379
E,687,91
E,943,499
E,94,465
E,474,80
E,577,895
E,959,37
E,620,974
E,675,683
E,538,347
E,407,545
E,265,702
E,765,917
E,261,817
E,694,273
E,66,11
E,522,558
E,509,368
E,45,116
E,224,694
E,578,451
E,711,918
E,572,885
E,470,505
E,782,619
E,22,899
E,793,139
E,675,429
E,833,960
E,992,7
E,13,589
E,501,643
E,54,428
E,514,507
E,817,833
E,243,322
E,922,727
E,76,942
E,43,312
E,649,718
E,282,180
E,841,937
E,123,738
E,82,733
E,845,915
E,205,974
E,209,396
E,880,289
E,478,745
E,31,656
E,267,689
E,718,253
E,200,780
E,716,278
E,203,417
E,919,604
E,96,346
E,639,455
E,686,416
E,458,356
E,993,671
E,840,553
E,534,85
E,250,972
E,417,954
E,287,605
E,194,133
E,99,869
E,703,583
E,981,257
E,489,89
E,640,931
E,884,839
E,425,869
E,989,859
E,41,262
E,675,753
E,292,508
E,228,325
E,884,450
E,500,427
E,458,498
E,631,990
E,973,809
E,148,67
E,760,771
E,871,754
E,211,127
E,949,976
E,659,835
E,792,908
E,478,584
E,258,739
E,624,84
E,747,808
E,534,359
E,432,633
E,528,558
E,268,163
E,286,291
E,758,952
E,357,649
E,911,769
E,414,956
E,806,467
E,77,232
E,128,488
E,537,993
E,572,435
E,582,276
E,153,119
E,266,280
E,57,185
E,334,850
E,815,445
E,99,745
E,970,50
E,276,784
E,972,196
E,541,19
E,833,87
E,542,30
E,660,755
E,886,541
E,204,508
E,235,456
E,492,671
E,881,682
E,30,665
E,932,398
E,467,570
E,401,821
E,460,454
E,473,784
E,182,779
E,269,698
E,328,129
E,165,927
E,618,523
E,688,326
E,899,974
E,554,396
E,120,338
E,558,179
E,468,426
E,638,495
E,112,296
E,962,18
E,823,530
E,695,120
E,734,126
E,204,945
E,1000,926
E,860,239
E,882,439
E,330,826
E,905,305
E,552,392
E,495,610
E,892,420
E,136,955
E,855,966
E,341,474
E,430,429
E,600,4
E,746,289
E,553,954
E,576,142
E,100,320
E,268,265
E,982,212
E,104,755
E,956,9
E,956,671
E,156,611
E,144,86
E,546,547
E,54,506
E,827,689
E,440,130
E,114,308
E,997,12
E,578,582
E,247,878
E,897,902
E,434,889
E,240,481
E,835,243
E,416,679
E,363,133
E,149,915
E,413,225
E,185,604
E,595,504
E,360,103
E,57,139
E,10,54
E,303,378
E,211,661
E,308,717
E,630,872
E,221,570
E,421,210
E,61,78
E,53,81
E,574,537
E,741,329
E,427,278
E,266,246
E,441,693
E,299,950
E,769,772
E,934,224
E,326,934
E,753,374
E,422,759
E,960,369
E,55,562
E,776,777
E,111,524
E,433,915
E,413,875
E,629,545
E,648,582
E,422,115
E,617,569
E,361,862
E,902,917
E,7,724
E,207,933
E,745,756
E,39,269
E,332,177
E,375,6
E,33,899
E,190,569
E,677,342
E,406,30
E,831,435
E,310,319
E,352,893
E,325,697
E,983,706
E,86,571
E,724,18
E,307,183
E,58,216
E,395,32
E,439,494
E,362,515
E,117,983
E,455,531
E,387,919
E,714,572
E,129,977
E,813,555
E,200,147
E,495,1
E,15,556
E,904,897
E,234,106
E,605,615
E,190,601
E,192,960
E,50,97
E,463,808
E,253,953
E,148,827
E,103,879
E,525,984
E,704,203
E,198,708
E,190,308
E,904,932
E,4,945
E,416,554
E,766,145
E,290,875
E,80,827
E,556,837
E,346,105
E,605,804
E,119,248
E,470,469
E,788,253
E,856,203
E,738,932
E,415,439
E,696,258
E,75,354
E,358,680
E,146,129
E,381,27
E,136,622
E,857,36
E,412,530
E,465,499
E,651,939
E,703,519
E,513,571
E,924,390
E,290,365
E,919,618
E,259,972
E,170,284
E,393,847
E,758,503
E,435,296
E,408,521
E,165,102
E,386,606
E,675,196
E,95,499
E,549,973
E,947,407
E,368,536
E,105,253
E,825,539
E,489,914
E,754,86
E,892,736
E,416,243
E,525,921
E,97,765
E,500,201
E,490,941
E,23,908
E,638,945
E,468,508
E,822,268
E,595,902
E,20,194
E,458,432
E,167,536
E,70,790
E,351,435
E,477,500
E,900,572
E,313,60
E,84,474
E,842,149
E,785,396
E,588,954
E,806,952
E,703,867
E,262,835
E,124,715
E,61,228
E,647,773
E,260,857
E,349,267
E,299,197
E,887,297
E,626,508
E,867,720
E,487,824
E,387,673
E,817,493
E,929,159
E,762,377
E,661,720
E,75,491
E,52,11
E,153,478
E,895,544
E,482,322
E,220,503
E,182,237
E,948,329
E,530,778
E,843,842
E,666,266
E,279,621
E,19,699
E,6,143
E,720,302
E,922,495
E,908,850
E,152,217
E,703,58
E,839,983
E,575,731
E,793,578
E,61,892
E,30,597
E,857,10
E,695,411
E,556,332
E,444,487
E,976,898
E,300,896
E,843,619
E,209,511
E,981,640
E,60,516
E,276,983
E,658,428
E,620,204
E,614,125
E,761,249
E,826,343
E,250,277
E,181,383
E,40,501
E,965,707
E,373,780
E,449,386
E,25,500
E,607,77
E,165,287
E,628,551
E,187,425
E,675,925
E,522,479
E,909,273
E,482,971
E,870,359
E,131,936
E,722,612
E,515,61
E,966,477
E,140,100
E,200,527
E,81,219
E,931,440
E,952,718
E,848,998
E,879,35
E,882,817
E,755,303
E,757,153
E,581,562
E,164,45
E,329,659
E,393,805
E,724,665
E,322,425
E,691,465
E,364,182
E,639,577
E,142,316
E,871,559
E,969,839
E,383,995
E,387,345
E,900,592
E,62,565
E,16,764
E,543,653
E,6,748
E,438,100
E,214,925
E,327,772
E,494,923
E,36,465
E,503,125
E,584,805
E,244,171
E,490,151
E,248,735
E,272,723
E,853,515
E,27,578
E,325,141
E,652,999
E,594,74
E,535,131
E,310,530
E,951,851
E,348,616
E,950,344
E,286,603
E,34,269
E,575,48
E,254,885
E,781,2
E,117,526
E,973,750
E,310,676
E,345,368
E,687,249
E,63,820
E,438,736
E,238,345
E,730,594
E,876,967
E,480,963
E,909,967
E,471,872
E,906,493
E,155,332
E,253,363
E,488,231
E,301,632
E,190,506
E,148,900
E,11,490
E,737,952
E,905,164
E,359,39
E,121,883
E,537,327
E,901,526
E,634,923
E,691,258
E,727,910
E,575,31
E,946,845
E,137,222
E,572,594
E,533,313
E,173,288
E,714,929
E,145,820
E,71,887
E,872,883
E,57,713
E,696,687
E,505,691
E,863,273
E,238,85
E,404,925
E,403,502
E,817,541
E,852,67
E,990,584
E,351,848
E,349,564
E,273,381
E,984,121
E,529,909
E,246,989
E,839,647
E,804,541
E,794,62
E,730,697
E,69,302
E,825,801
E,90,231
E,296,780
E,659,838
E,695,467
E,739,618
E,378,852
E,431,355
E,72,902
E,6,635
E,888,51
E,903,326
E,403,684
E,770,128
E,219,656
E,341,231
E,511,613
E,976,553
E,945,132
E,771,811
E,168,574
E,293,630
E,796,451
E,190,462
E,308,283
E,805,970
E,656,827
E,493,694
E,303,75
E,358,186
E,834,302
E,357,663
E,574,552
E,352,24
E,993,258
E,47,626
E,731,356
E,162,948
E,446,460
E,110,995
E,902,418
E,281,754
E,119,445
E,140,66
E,66,896
E,852,46
E,93,673
E,353,179
E,914,148
E,419,836
E,723,925
E,946,434
E,103,85
E,539,26
E,823,908
E,423,950
E,739,906
E,39,126
E,147,687
E,380,947
E,512,525
E,223,109
E,700,48
E,443,85
E,108,459
E,186,958
E,535,938
E,243,506
E,951,281
E,695,61
E,875,1000
E,747,482
E,599,191
E,394,887
E,32,174
E,940,850
E,807,968
E,846,85
E,250,44
E,408,529
E,581,447
E,171,511
E,130,773
E,683,194
E,161,637
E,8,346
E,576,894
E,885,997
E,382,101
E,675,321
E,513,525
S,167,
S,891,
S,42,
S,164,
S,411,
S,729,
S,85,
S,622,
S,354,
S,117,
S,583,
S,428,
S,965,
S,761,
S,41,
S,558,
S,185,
S,30,
S,57,
S,947,
S,941,
S,509,
S,283,
S,902,
S,516,
S,369,
S,468,
S,770,
S,748,
S,790,
S,895,
S,429,
S,927,
S,646,
S,718,
S,807,
S,858,
S,131,
S,231,
S,929,
S,12,
S,555,
S,367,
S,1,
S,22,
S,410,
S,320,
S,594,
S,209,
S,984,
S,533,
S,3,
S,692,
S,352,
S,332,
S,31,
S,582,
S,758,
S,333,
S,345,
